source_id,evidence_class,fronts,work_and_locus,finding_and_scope,url
S01,P,1,Darʾ Taʿāruḍ 8:124–125,Contested Avicennian possibility and actuality; voice/context guard,https://www.islamweb.net/ar/library/content/413/1411/
S02,P,1,Darʾ Taʿāruḍ 8:131,Originated existent versus eternally alleged possible,https://www.islamweb.net/ar/library/content/413/1416/
S03,P,1,Darʾ Taʿāruḍ 8:121–122,Absent possible is not causally symmetric with its actual origination,https://www.islamweb.net/ar/library/content/413/1409/
S04,P,1,Darʾ Taʿāruḍ 3:170,Ibn Sīnā arguments quoted or reconstructed; do not confuse speaker,https://www.islamweb.net/ar/library/content/413/520/
S05,P,"1,3",Darʾ Taʿāruḍ 4:239–240,Efficient productive dependence versus broader condition/concomitance,https://islamweb.net/ar/library/content/413/786/
S06,P,"1,3",Darʾ Taʿāruḍ 5:103,Extramental particular existence versus mentally separable quiddity,https://islamweb.net/ar/library/content/413/858/
S07,P,2,Jāmiʿ al-Masāʾil vol 6 pp91–97,One numerical effect; two complete efficient causes; agreement and cooperation,https://islamweb.net/ar/library/content/416/645/
S08,P,2,Majmūʿ al-Fatāwā 20:176–181,Complete power/will; tamānuʿ dhātī; original perfection,https://www.islamweb.net/ar/library/content/22/2032/
S09,P,2,Darʾ Taʿāruḍ 9:343,Same effect and subsidiary created agency in productive unity,https://www.islamweb.net/ar/library/content/413/1769/
S10,P,2,Majmūʿ al-Fatāwā 2:32–34,Two original causes and limits of creaturely power,https://www.islamweb.net/ar/library/content/22/133/
S11,P,"2,5",al-Akmaliyyah / Majmūʿ 6:139–140,"Perfections appropriate to bearer and source, comparison limits",https://www.islamweb.net/ar/library/content/22/590/
S12,P,3,Darʾ Taʿāruḍ 5:126–127,Universals in intellect versus extramental individuated particulars,https://islamweb.net/ar/library/content/413/875/
S13,P,3,Darʾ Taʿāruḍ 5:134–135,Mental conceivability not extramental possibility,https://www.islamweb.net/ar/library/content/413/880/
S14,P,3,Darʾ Taʿāruḍ 5:143–144,Concrete particular existence/essence; anti-reification,https://www.islamweb.net/ar/library/content/413/884/
S15,P,4,Bayān Talbīs al-Jahmiyyah 4:571–572,Fiṭrī/ḍarūrī basic recognition of Maker,https://www.islamweb.net/ar/library/content/415/839/
S16,P,4,Bayān Talbīs al-Jahmiyyah 4:586,Fiṭrah cognitive and volitional orientation,https://www.islamweb.net/ar/library/content/415/844/
S17,P,4,Darʾ Taʿāruḍ 7:302–303,"Basic knowledge, rational signs and report",https://islamweb.net/ar/library/content/413/1293/
S18,P,4,Darʾ Taʿāruḍ 8:347–348,Natural cognition of Creator and qualified reasoning,https://islamweb.net/ar/library/content/413/1523/
S19,P,5,Majmūʿ al-Fatāwā 8:135–137,Particular willing and determinant; divine wisdom,https://islamweb.net/ar/library/content/22/806/
S20,P,5,Majmūʿ al-Fatāwā 12:224–229,Particular voluntary acts and successive creation vs fixed static eternal causal effect,https://www.islamweb.net/ar/library/content/22/1284/
S21,P,5,al-Akmaliyyah / Majmūʿ 6:76–78,Original giver-of-perfection reasoning and scope,https://www.islamweb.net/ar/library/content/22/590/
S22,P,5,Majmūʿ al-Fatāwā 8:88–90,"Wise purposes, unmotivated willing objection",https://www.islamweb.net/ar/library/content/22/805/
S23,P,1,Darʾ Taʿāruḍ 3:288–289,Explicit third-option objection: existent through neither self nor other; positive reply,https://www.islamweb.net/ar/library/content/413/593/
S24,P,"1,2,3",Darʾ Taʿāruḍ 3:240–241,Essential attribute qualified necessity versus sole original Creator; distinctions in wajib,https://www.islamweb.net/ar/library/content/413/562/
S25,P,"1,2,3",Darʾ Taʿāruḍ 3:18,Explicit different senses of necessary existence for essence/attributes and original source,https://www.islamweb.net/ar/library/content/413/441/
S26,P,4,Ibn al-Qayyim Aḥkām Ahl al-Dhimmah 2:948–949,Fitrah as innate capacity versus actual infant recognition,https://islamweb.net/ar/library/content/105/198/
R01,A,1,Gale and Pruss 1999 A New Cosmological Argument,Possible explanation PSR; publisher abstract checked,https://doi.org/10.1017/S0034412599005004
R02,A,1,Koons and Pruss 2021 Skepticism and the principle of sufficient reason,"Restricted PSR, explanatory facts and scepticism; accessible author/article body",https://link.springer.com/article/10.1007/s11098-020-01482-3
R03,A,2,Schaffer 2003 Overdetermining Causes,Actual overdetermination rival; author PDF; not full independent reread,https://www.jonathanschaffer.org/overdetermination.pdf
R04,A,3,Dasgupta 2009 Individuals: An Essay in Revisionary Metaphysics,Primitive material individuals only; original paper PDF,https://shamik.net/papers/dasgupta%20individuals.pdf
R05,A,3,Dasgupta 2014 On the Plurality of Grounds,Plural grounding and non-distributivity; Philosophers Imprint 14(20),https://shamik.net/papers/dasgupta%20on%20the%20plurality%20of%20grounds.pdf
R06,A,3,Dasgupta 2016 Metaphysical Rationalism,Grounding PSR; necessitarianism,https://onlinelibrary.wiley.com/doi/10.1111/nous.12082/full
R07,A,4,Plantinga 1993 Warrant and Proper Function,"Truth-directed design plan, cognitive environment, proper function; publisher abstract",https://academic.oup.com/book/3187/chapter-abstract/144075746
R08,A,4,Plantinga 2000 Warranted Christian Belief,"Proper basing, defeaters and religious warrant; authored text",https://ccel.org/ccel/plantinga/warrant3.iii.html
R09,B,4,El-Tobgui 2018 From Legal Theory to Erkenntnistheorie,Taymiyyan tawatur and knowledge; secondary scholarly abstract,https://scholarworks.brandeis.edu/esploro/outputs/journalArticle/From-Legal-Theory-to-Erkenntnistheorie-Ibn/9924027312401921
R10,B,5,Hoover 2007 Ibn Taymiyya’s Theodicy of Perpetual Optimism,Scholarly context on divine wisdom and voluntary agency; metadata only,https://www.jstor.org/stable/10.1163/j.ctt1w76tv7
R11,B,1,Stanford Encyclopedia of Philosophy Cosmological Argument,"Overview of PSR, brute facts and cosmological rivals; secondary",https://plato.stanford.edu/entries/cosmological-argument/
