class	number	catalogue_pdf	new_print_page	new_anchor	old_anchor	catalogue_observation	catalogue_print_page	new_print_line	old_print_reference	claim_type	omitted_or_added_text	body_control_note	body_control_source	verification	source_image	uncertainty	anchor_convention
substantial	1	41	78	وقيل: ثبت أن هذه الاستعدادات المتعاقبة والحوادث الفائضة بسببها	وقول الأرموي أنه يجوز عندهم حدوث الشرائط والمعدات الفائضة بسببها	The quoted old wording at1/39 line3 is also printed again at line7.	34	13	1/39:3; repeated at7	reading_contrast		Body quoted by range 1 begins قيل: فقد ثبت, whereas catalogue begins وقيل: ثبت.	Corresponding numbered contextual entry in CORRECTION_REGISTER.json	visually_verified_catalogue	Adwa PDF position 41; external source https://archive.org/download/al-mulakhas/al-risala.pdf		Quoted historical fragments; no complete old sentence inferred from omission; | separates subchanges; vowel marks normalised.
substantial	2	41			ولم يثبت أنه مؤثر تام لغيرها فبطلت حجتهم فلم يبق معهم ما يثبت علة تامة في الأزل	Only an old-edition locus is supplied. Editors say the quoted sentence is absent from manuscript folio10a; no new-page locator or replacement is quoted.	34		1/39:20-21	older_addition_absent_from_manuscript		Range 1 locates omission in new body printed79/PDF86. This is a body-supplied locator; catalogue gives no new page.	Corresponding numbered contextual entry in CORRECTION_REGISTER.json	visually_verified_catalogue	Adwa PDF position 41; external source https://archive.org/download/al-mulakhas/al-risala.pdf		Quoted historical fragments; no complete old sentence inferred from omission; | separates subchanges; vowel marks normalised.
substantial	3	41	102			Text beginning at new line11 could not be read by the older editor because a sheet was pasted over it; editors report it clear in their exemplar. Neither reading is quoted.	34	11	1/67:11	formerly_unreadable_text_restored		Range 1 supplies restored body wording at printed102/PDF109. It must remain a body supplement, not a quotation from this catalogue.	Corresponding numbered contextual entry in CORRECTION_REGISTER.json	visually_verified_catalogue	Adwa PDF position 41; external source https://archive.org/download/al-mulakhas/al-risala.pdf		Quoted historical fragments; no complete old sentence inferred from omission; | separates subchanges; vowel marks normalised.
substantial	4	41	105	يقتضي بأنه مقدوره	يقتضي انقضاء مدة	Catalogue says the older editor could not read the phrase and printed the quoted duration reading. The catalogue new word has ت: يقتضي.	34	14	1/71:8	reading_contrast		Range 1 reports body يقضي بأنه مقدوره at printed105/PDF112; catalogue visibly has يقتضي. Catalogue and body spellings remain separate.	Corresponding numbered contextual entry in CORRECTION_REGISTER.json	visually_verified_catalogue	Adwa PDF position 41; external source https://archive.org/download/al-mulakhas/al-risala.pdf		Quoted historical fragments; no complete old sentence inferred from omission; | separates subchanges; vowel marks normalised.
substantial	5	41	106	وهم لا يجعلون شرط التأثير سابقا | لا أن كل حادث مسبوق	وهؤلاء يجعلون | إلا أن كل حادث ...	One numbered entry contains two contrasts: line10 versus old1/72 line8, and line14 versus old1/72 line14. The second new quote is لا أن, not لأن.	34	10;14	1/72:8;14	two_reading_contrasts		Range 1 reports body لا أن كل حادث مسبوق. Close catalogue inspection also reads لا أن, resolving its previously alleged catalogue/body difference.	Corresponding numbered contextual entry in CORRECTION_REGISTER.json	visually_verified_catalogue	Adwa PDF position 41; external source https://archive.org/download/al-mulakhas/al-risala.pdf		Quoted historical fragments; no complete old sentence inferred from omission; | separates subchanges; vowel marks normalised.
substantial	6	41	122	والكمال أمور وجودية		The quoted clause is not printed at the old-edition locus.	34	7	1/91:8	older_omission	والكمال أمور وجودية			visually_verified_catalogue	Adwa PDF position 41; external source https://archive.org/download/al-mulakhas/al-risala.pdf		Quoted historical fragments; no complete old sentence inferred from omission; | separates subchanges; vowel marks normalised.
substantial	7	42	169	فإنه لا يكون إلا حادثا لا لامتناع دوام الحوادث	إلا حادثا بها لامتناع ...	The new quote includes لا before لامتناع; the older excerpt has بها. The catalogue does not bracket the new لا.	35	7	1/147:15	reading_contrast		Range 2 reports body [لا] supplied from a manuscript margin marked صح; catalogue prints the same negation without brackets.	Corresponding numbered contextual entry in CORRECTION_REGISTER.json	visually_verified_catalogue	Adwa PDF position 42; external source https://archive.org/download/al-mulakhas/al-risala.pdf		Quoted historical fragments; no complete old sentence inferred from omission; | separates subchanges; vowel marks normalised.
substantial	8	42	174	مكتسب	وليس	Last word of the cited line11: new مكتسب versus old وليس. Catalogue locator remains174.	35	11 (last word)	1/152:6	reading_contrast		Range 2 directly locates the phrase at body printed172/PDF179, despite catalogue174.	Corresponding numbered contextual entry in CORRECTION_REGISTER.json	visually_verified_catalogue	Adwa PDF position 42; external source https://archive.org/download/al-mulakhas/al-risala.pdf		Quoted historical fragments; no complete old sentence inferred from omission; | separates subchanges; vowel marks normalised.
substantial	9	42	197	وكذلك شفاء المريض والزلزلة والخسف، وإن كان قد يحصل بأسباب غير معتادة ...	وكذلك شفاء المريض وحدوث الخسف والهلاك يحصل بأسباب معتادة	Catalogue quotes the differing descriptions of healing, earthquake and subsidence and the qualification غير معتادة.	35	5	1/181:20-21	reading_contrast				visually_verified_catalogue	Adwa PDF position 42; external source https://archive.org/download/al-mulakhas/al-risala.pdf		Quoted historical fragments; no complete old sentence inferred from omission; | separates subchanges; vowel marks normalised.
substantial	10	42	215	والشفاعة عندهم ليس معناها دعاء الله وسؤاله كما هو مذهب المسلمين	ورسوله	Full new phrase is quoted; the catalogue explicitly contrasts سؤاله with older ورسوله.	35	last	1/209:11	reading_contrast				visually_verified_catalogue	Adwa PDF position 42; external source https://archive.org/download/al-mulakhas/al-risala.pdf		Quoted historical fragments; no complete old sentence inferred from omission; | separates subchanges; vowel marks normalised.
substantial	11	42	290	ولا ينكرون التأويل الذي هو تفسير الكلام بما يبين مراد المتكلم كما لا ينكرون ترجمة الكلام	ولا ينكرون ترجمة الكلام	Older print has only ولا ينكرون ترجمة الكلام; the first interpretative clause was dropped.	35	14	1/291:21	reading_contrast				visually_verified_catalogue	Adwa PDF position 42; external source https://archive.org/download/al-mulakhas/al-risala.pdf		Quoted historical fragments; no complete old sentence inferred from omission; | separates subchanges; vowel marks normalised.
substantial	12	42	297	وذاك يناقض الوجود دون العدم	العدم دون الوجود	Editors report manuscript base order العدم دون الوجود with the superscript transposition marks م م, directing الوجود forward and العدم back. They say the older editor missed those marks.	35	5	1/299:18	reported_manuscript_transposition				visually_verified_catalogue	Adwa PDF position 42; external source https://archive.org/download/al-mulakhas/al-risala.pdf		Quoted historical fragments; no complete old sentence inferred from omission; | separates subchanges; vowel marks normalised.
substantial	13	42	298	وهؤلاء يرفعون جميع الأمور الثبوتية	وهؤلاء لا يرفعون جميع الأمور الثبوتية	Catalogue says old edition added لا; the following sentence shows that it should be removed. Catalogue cites298.	35	6	1/300:9	reading_contrast		Range 3 directly locates this phrase at body printed297/PDF304, despite catalogue298.	Corresponding numbered contextual entry in CORRECTION_REGISTER.json	visually_verified_catalogue	Adwa PDF position 42; external source https://archive.org/download/al-mulakhas/al-risala.pdf		Quoted historical fragments; no complete old sentence inferred from omission; | separates subchanges; vowel marks normalised.
substantial	14	42	302	فهو موجود في الذهن بحسب ما يناسب الذهن وموجود في الخارج بحسب ما يناسب الخارج	فهو موجود في الذهن بحسب ما يناسب الخارج	Words dropped in the older print conflate the mental/external parallel clauses into the quoted shorter wording.	35	2-3	1/305:13-14	reading_contrast				visually_verified_catalogue	Adwa PDF position 42; external source https://archive.org/download/al-mulakhas/al-risala.pdf		Quoted historical fragments; no complete old sentence inferred from omission; | separates subchanges; vowel marks normalised.
substantial	15	42	302	وهذا من فساد تصور الرازي بالمثال	ولولا إدراكها وتصور المراد ما كانت	Catalogue cites302, lines11-12. Older edition prints the quoted alternative and marks ولولا إدراكها as unreadable in a note.	35	11-12	1/306:11	reading_contrast		Range 3 body control is printed302/PDF309. Enlarged catalogue also cites302; provisional catalogue303 is a transcription error, not a demonstrated catalogue/body discrepancy.	Corresponding numbered contextual entry in CORRECTION_REGISTER.json	visually_verified_catalogue	Adwa PDF position 42; external source https://archive.org/download/al-mulakhas/al-risala.pdf		Quoted historical fragments; no complete old sentence inferred from omission; | separates subchanges; vowel marks normalised.
substantial	16	42	402	فيه	منه	Catalogue contrasts فيه with older منه.	35	17	2/127:15	reading_contrast				visually_verified_catalogue	Adwa PDF position 42; external source https://archive.org/download/al-mulakhas/al-risala.pdf		Quoted historical fragments; no complete old sentence inferred from omission; | separates subchanges; vowel marks normalised.
substantial	17	43	410	بأنوار	بأمور	Catalogue contrasts the two quoted readings at the stated loci.	36	12	2/137:13	reading_contrast				visually_verified_catalogue	Adwa PDF position 43; external source https://archive.org/download/al-mulakhas/al-risala.pdf		Quoted historical fragments; no complete old sentence inferred from omission; | separates subchanges; vowel marks normalised.
substantial	18	43	469	أن		Catalogue says the quoted word or phrase dropped from the older print.	36	2	2/211:3	older_omission	أن			visually_verified_catalogue	Adwa PDF position 43; external source https://archive.org/download/al-mulakhas/al-risala.pdf		Quoted historical fragments; no complete old sentence inferred from omission; | separates subchanges; vowel marks normalised.
substantial	19	43	469	بدون	مع جميع	Catalogue contrasts the two quoted readings at the stated loci.	36	14	2/211:2	reading_contrast				visually_verified_catalogue	Adwa PDF position 43; external source https://archive.org/download/al-mulakhas/al-risala.pdf		Quoted historical fragments; no complete old sentence inferred from omission; | separates subchanges; vowel marks normalised.
substantial	20	43	473	اشتركا	اشترطا	Catalogue contrasts the two quoted readings at the stated loci.	36	1	2/215:16	reading_contrast				visually_verified_catalogue	Adwa PDF position 43; external source https://archive.org/download/al-mulakhas/al-risala.pdf		Quoted historical fragments; no complete old sentence inferred from omission; | separates subchanges; vowel marks normalised.
substantial	21	43	477	ليست صفة لغيرها فلا بد من إثبات ذات قائمة بنفسها		Catalogue says the quoted word or phrase dropped from the older print.	36	13	2/221:1	older_omission	ليست صفة لغيرها فلا بد من إثبات ذات قائمة بنفسها			visually_verified_catalogue	Adwa PDF position 43; external source https://archive.org/download/al-mulakhas/al-risala.pdf		Quoted historical fragments; no complete old sentence inferred from omission; | separates subchanges; vowel marks normalised.
substantial	22	43	480	تجدد	تجرد	Catalogue contrasts the two quoted readings at the stated loci.	36	11	2/223:18	reading_contrast				visually_verified_catalogue	Adwa PDF position 43; external source https://archive.org/download/al-mulakhas/al-risala.pdf		Quoted historical fragments; no complete old sentence inferred from omission; | separates subchanges; vowel marks normalised.
substantial	23	43	484	التوحيد القولي العلمي	القولي العلمي	Catalogue visibly prints العلمي in both quotations; the new quotation additionally includes التوحيد. Do not silently replace the catalogue old adjective by العملي.	36	7	2/228:13	reading_contrast		Range 5 reports body484/PDF491 new العلمي and note older العملي. The catalogue old quotation independently reads العلمي, so its old label conflicts with the reported body apparatus.	Corresponding numbered contextual entry in CORRECTION_REGISTER.json	visually_verified_catalogue	Adwa PDF position 43; external source https://archive.org/download/al-mulakhas/al-risala.pdf		Quoted historical fragments; no complete old sentence inferred from omission; | separates subchanges; vowel marks normalised.
substantial	24	43	485	الخارج	الأذهان	Catalogue contrasts the two quoted readings at the stated loci.	36	last	2/230:10	reading_contrast				visually_verified_catalogue	Adwa PDF position 43; external source https://archive.org/download/al-mulakhas/al-risala.pdf		Quoted historical fragments; no complete old sentence inferred from omission; | separates subchanges; vowel marks normalised.
substantial	25	43	488	الإحساس	الإحسان	Catalogue contrasts the two quoted readings at the stated loci.	36	15	2/233:18	reading_contrast				visually_verified_catalogue	Adwa PDF position 43; external source https://archive.org/download/al-mulakhas/al-risala.pdf		Quoted historical fragments; no complete old sentence inferred from omission; | separates subchanges; vowel marks normalised.
substantial	26	43	489	بخلاف الفلاسفة والمتصوفة المتفلسفة	بخلاف الفلاسفة والمتصوفة والمتفلسفة	Catalogue contrasts the two quoted readings at the stated loci.	36	last	2/235:10	reading_contrast				visually_verified_catalogue	Adwa PDF position 43; external source https://archive.org/download/al-mulakhas/al-risala.pdf		Quoted historical fragments; no complete old sentence inferred from omission; | separates subchanges; vowel marks normalised.
substantial	27	43	492	المشخصة	الشخصية	Catalogue contrasts the two quoted readings at the stated loci.	36	5	2/237:9	reading_contrast				visually_verified_catalogue	Adwa PDF position 43; external source https://archive.org/download/al-mulakhas/al-risala.pdf		Quoted historical fragments; no complete old sentence inferred from omission; | separates subchanges; vowel marks normalised.
substantial	28	43	492	الخارجية	الخارجة	Catalogue contrasts the two quoted readings at the stated loci.	36	9	2/237:13	reading_contrast				visually_verified_catalogue	Adwa PDF position 43; external source https://archive.org/download/al-mulakhas/al-risala.pdf		Quoted historical fragments; no complete old sentence inferred from omission; | separates subchanges; vowel marks normalised.
substantial	29	43	493	بالعذاب المنفصل المشاهد	بالعذاب المنفصل والمشاهد	Catalogue contrasts المشاهد with the coordinated والمشاهد; old quotation includes م after و.	36	1	2/238:9	reading_contrast				visually_verified_catalogue	Adwa PDF position 43; external source https://archive.org/download/al-mulakhas/al-risala.pdf		Quoted historical fragments; no complete old sentence inferred from omission; | separates subchanges; vowel marks normalised.
substantial	30	43	504	الحكمة	الحكة	Catalogue new الحكمة versus older الحكة; no initial م after ال in the new word.	36	10	2/249:16	reading_contrast		Range 5 reports body504/PDF511 الحكمة, with older الحكة, agreeing with the verified catalogue.	Corresponding numbered contextual entry in CORRECTION_REGISTER.json	visually_verified_catalogue	Adwa PDF position 43; external source https://archive.org/download/al-mulakhas/al-risala.pdf		Quoted historical fragments; no complete old sentence inferred from omission; | separates subchanges; vowel marks normalised.
substantial	31	43	531	الحدود	الحدوث	Catalogue contrasts the two quoted readings at the stated loci.	36	11	2/280:16	reading_contrast				visually_verified_catalogue	Adwa PDF position 43; external source https://archive.org/download/al-mulakhas/al-risala.pdf		Quoted historical fragments; no complete old sentence inferred from omission; | separates subchanges; vowel marks normalised.
substantial	32	43	531	خارجا منها	خارجا عنها	Catalogue contrasts the two quoted readings at the stated loci.	36	19	2/281:2	reading_contrast				visually_verified_catalogue	Adwa PDF position 43; external source https://archive.org/download/al-mulakhas/al-risala.pdf		Quoted historical fragments; no complete old sentence inferred from omission; | separates subchanges; vowel marks normalised.
substantial	33	43	533	مسمى	قسمي	Catalogue contrasts the two quoted readings at the stated loci.	36	12	2/283:1	reading_contrast				visually_verified_catalogue	Adwa PDF position 43; external source https://archive.org/download/al-mulakhas/al-risala.pdf		Quoted historical fragments; no complete old sentence inferred from omission; | separates subchanges; vowel marks normalised.
substantial	34	43	533	لأنها	لأنهم	Catalogue contrasts the two quoted readings at the stated loci.	36	14	2/283:3	reading_contrast				visually_verified_catalogue	Adwa PDF position 43; external source https://archive.org/download/al-mulakhas/al-risala.pdf		Quoted historical fragments; no complete old sentence inferred from omission; | separates subchanges; vowel marks normalised.
substantial	35	43	539	كان الشفيع شريكا له في الفعل	كان الشفيع شريكا له في العقل	Catalogue contrasts the two quoted readings at the stated loci.	36	last	2/291:8	reading_contrast				visually_verified_catalogue	Adwa PDF position 43; external source https://archive.org/download/al-mulakhas/al-risala.pdf		Quoted historical fragments; no complete old sentence inferred from omission; | separates subchanges; vowel marks normalised.
substantial	36	43	544	حقيقة هي على ما في ...	حقيقة هي علمها في ...	Both catalogue excerpts are deliberately abbreviated; the older phrase has علمها.	36	10	2/296:16	reading_contrast				visually_verified_catalogue	Adwa PDF position 43; external source https://archive.org/download/al-mulakhas/al-risala.pdf		Quoted historical fragments; no complete old sentence inferred from omission; | separates subchanges; vowel marks normalised.
substantial	37	44	552	الشريعة الواحدة للنبي الواحد	الشريعة الواحدة للشيء الواحد	Catalogue contrasts the two quoted readings at the stated loci.	37	2	2/307:12	reading_contrast				visually_verified_catalogue	Adwa PDF position 44; external source https://archive.org/download/al-mulakhas/al-risala.pdf		Quoted historical fragments; no complete old sentence inferred from omission; | separates subchanges; vowel marks normalised.
substantial	38	44	562	لازما لا ينقض	لازما لا ينقص	Catalogue quotes new لا ينقض (without ت) versus older لا ينقص. The old catalogue wording must not be replaced from a body note.	37	8	2/320:7	reading_contrast		Range 5 reports body562/PDF569 note old لا ينقضي, whereas catalogue old is لا ينقص. Preserve this conflict.	Corresponding numbered contextual entry in CORRECTION_REGISTER.json	visually_verified_catalogue	Adwa PDF position 44; external source https://archive.org/download/al-mulakhas/al-risala.pdf		Quoted historical fragments; no complete old sentence inferred from omission; | separates subchanges; vowel marks normalised.
substantial	39	44	567	فهم من أهل الجاهلية		Catalogue asserts that أهل dropped from the older print. It quotes no full older phrase.	37	5	2/326:6	older_omission	أهل	Range 5 reports body567/PDF574 note: أهل absent from manuscript but present in older print. This reverses the catalogue claim that it was omitted from the older print.	Corresponding numbered contextual entry in CORRECTION_REGISTER.json	visually_verified_catalogue	Adwa PDF position 44; external source https://archive.org/download/al-mulakhas/al-risala.pdf		Quoted historical fragments; no complete old sentence inferred from omission; | separates subchanges; vowel marks normalised.
lesser	1	44	49	ويسمون القرامطة والباطنية والإسماعيلية وغير ذلك		Catalogue quotes the list and identifies الإسماعيلية as omitted from the old print.	37	2	1/2:5	older_omission	الإسماعيلية			visually_verified_catalogue	Adwa PDF position 44; external source https://archive.org/download/al-mulakhas/al-risala.pdf		Quoted historical fragments; no complete old sentence inferred from omission; | separates subchanges; vowel marks normalised.
lesser	2	44	62	فعلم أن المحدث للحوادث المتسلسلة ليس علة تامة		Catalogue identifies only المتسلسلة as omitted; no complete older sentence is quoted.	37	15	1/20:12	older_omission	المتسلسلة			visually_verified_catalogue	Adwa PDF position 44; external source https://archive.org/download/al-mulakhas/al-risala.pdf		Quoted historical fragments; no complete old sentence inferred from omission; | separates subchanges; vowel marks normalised.
lesser	3	44	73	في الجواب الذي سماه الباهر		Only الذي سماه is reported omitted. الباهر is not included in the stated omission; no full older phrase is quoted.	37	12-13	1/33:15-16	older_omission	الذي سماه	Range 1 reports body73/PDF80 has الذي سماه; its electronic older-type phrase is في الجواب الباهر. This is compatible with the catalogue omission of only الذي سماه.	Corresponding numbered contextual entry in CORRECTION_REGISTER.json	visually_verified_catalogue	Adwa PDF position 44; external source https://archive.org/download/al-mulakhas/al-risala.pdf		Quoted historical fragments; no complete old sentence inferred from omission; | separates subchanges; vowel marks normalised.
lesser	4	44	107	إن الواجب بذاته ليس له صفة ثبوتية	بسيط	Catalogue says the older editor added بسيط after بذاته and that it is absent from the manuscript. Only the added word is quoted as old.	37	19	1/74:1	older_addition_absent_from_manuscript	بسيط			visually_verified_catalogue	Adwa PDF position 44; external source https://archive.org/download/al-mulakhas/al-risala.pdf		Quoted historical fragments; no complete old sentence inferred from omission; | separates subchanges; vowel marks normalised.
lesser	5	44	108	بالدليل القطعي العقلي		The new quoted phrase includes القطعي; catalogue says it dropped from the older print but deletion is correct, as explained in their margin. Preserve the self-correction.	37	13	1/74:19	older_omission_editor_prefers_omission	القطعي	Range 1 has not directly inspected body108; the statement that new body includes القطعي is catalogue-based. Catalogue itself expressly prefers deletion.	Corresponding numbered contextual entry in CORRECTION_REGISTER.json	visually_verified_catalogue	Adwa PDF position 44; external source https://archive.org/download/al-mulakhas/al-risala.pdf		Quoted historical fragments; no complete old sentence inferred from omission; | separates subchanges; vowel marks normalised.
lesser	6	44	115	العلل مع حدوث المعلولات	المعلومات	The last old-edition word is quoted as المعلومات; catalogue suggests it may be a typographical error.	37	last	1/83:last word	reading_contrast				visually_verified_catalogue	Adwa PDF position 44; external source https://archive.org/download/al-mulakhas/al-risala.pdf		Quoted historical fragments; no complete old sentence inferred from omission; | separates subchanges; vowel marks normalised.
lesser	7	44	130	من خصائص المخلوقين	المخلوق	New phrase has plural المخلوقين; only the old singular المخلوق is quoted.	37	7	1/100:6	reading_contrast				visually_verified_catalogue	Adwa PDF position 44; external source https://archive.org/download/al-mulakhas/al-risala.pdf		Quoted historical fragments; no complete old sentence inferred from omission; | separates subchanges; vowel marks normalised.
lesser	8	44	131	أنهما يشتبهان	يتشابهان	Catalogue contrasts the two quoted readings at the stated loci.	37	2	1/100:14	reading_contrast				visually_verified_catalogue	Adwa PDF position 44; external source https://archive.org/download/al-mulakhas/al-risala.pdf		Quoted historical fragments; no complete old sentence inferred from omission; | separates subchanges; vowel marks normalised.
lesser	9	44	163	ولا يورد على ذلك مؤمن	يرد على ذلك مؤمن	Catalogue reports the older editor corrected to يرد على ذلك مؤمن and explicitly says the manuscript wording is also correct. Do not force an exclusive choice.	37	2	1/141:2	reading_contrast		Range 2 electronic context has negated ولا يرد; catalogue old excerpt itself begins يرد. Do not turn the excerpt boundary into a claim that the older full sentence lacks negation.	Corresponding numbered contextual entry in CORRECTION_REGISTER.json	visually_verified_catalogue	Adwa PDF position 44; external source https://archive.org/download/al-mulakhas/al-risala.pdf		Quoted historical fragments; no complete old sentence inferred from omission; | separates subchanges; vowel marks normalised.
lesser	10	45	168	ومن سلك الطرق النبوية السلفية	النبوية السامية	Catalogue contrasts the new phrase ending النبوية السلفية with the quoted older النبوية السامية.	38	11	1/147:2	reading_contrast				visually_verified_catalogue	Adwa PDF position 45; external source https://archive.org/download/al-mulakhas/al-risala.pdf		Quoted historical fragments; no complete old sentence inferred from omission; | separates subchanges; vowel marks normalised.
lesser	11	45	188	وإن كان ما يشاؤه ويخلقه يخلقه بأسباب		Catalogue says the older editor deleted one of the two occurrences of يخلقه, considering it redundant; it does not quote the entire resulting old phrase.	38	9	1/171:6	older_editor_deletes_repetition	يخلقه (one of two occurrences)			visually_verified_catalogue	Adwa PDF position 45; external source https://archive.org/download/al-mulakhas/al-risala.pdf		Quoted historical fragments; no complete old sentence inferred from omission; | separates subchanges; vowel marks normalised.
lesser	12	45	203	الكثير من الإنس	الكثير من الكهان	Catalogue contrasts the two quoted readings at the stated loci.	38	1	1/189:12	reading_contrast		Range 2 reports body203/PDF210 phrase لكثير من الإنس and older لكثير من الكهان. Catalogue quotes الكثير in both fragments.	Corresponding numbered contextual entry in CORRECTION_REGISTER.json	visually_verified_catalogue	Adwa PDF position 45; external source https://archive.org/download/al-mulakhas/al-risala.pdf		Quoted historical fragments; no complete old sentence inferred from omission; | separates subchanges; vowel marks normalised.
lesser	13	45	294	فأنتم تبنون أمركم	فأنتم تثبتون أمركم	Catalogue quotes new فأنتم تبنون أمركم and older فأنتم تثبتون أمركم. The newer body note is a separate source of editorial preference.	38	11	1/296:9	reading_contrast		Range 3 reports body294/PDF301 main text تبنون but note2 suggests تثبتون as correct, agreeing with the older/electronic form.	Corresponding numbered contextual entry in CORRECTION_REGISTER.json	visually_verified_catalogue	Adwa PDF position 45; external source https://archive.org/download/al-mulakhas/al-risala.pdf		Quoted historical fragments; no complete old sentence inferred from omission; | separates subchanges; vowel marks normalised.
lesser	14	45	185	قرر	قدر	Catalogue contrasts the two quoted readings at the stated loci.	38	8	1/167:9	reading_contrast				visually_verified_catalogue	Adwa PDF position 45; external source https://archive.org/download/al-mulakhas/al-risala.pdf		Quoted historical fragments; no complete old sentence inferred from omission; | separates subchanges; vowel marks normalised.
lesser	15	45	400	أمر	أثر	Catalogue contrasts the two quoted readings at the stated loci.	38	8	2/124:14	reading_contrast				visually_verified_catalogue	Adwa PDF position 45; external source https://archive.org/download/al-mulakhas/al-risala.pdf		Quoted historical fragments; no complete old sentence inferred from omission; | separates subchanges; vowel marks normalised.
lesser	16	45	465	إلا بحركته ولا قوام لحركته		Catalogue says the quoted word or phrase dropped from the older print.	38	10	2/207:2	older_omission	إلا بحركته ولا قوام لحركته			visually_verified_catalogue	Adwa PDF position 45; external source https://archive.org/download/al-mulakhas/al-risala.pdf		Quoted historical fragments; no complete old sentence inferred from omission; | separates subchanges; vowel marks normalised.
lesser	17	45	467	صادرة عنه	حادثة	Catalogue contrasts the two quoted readings at the stated loci.	38	14	2/209:10	reading_contrast				visually_verified_catalogue	Adwa PDF position 45; external source https://archive.org/download/al-mulakhas/al-risala.pdf		Quoted historical fragments; no complete old sentence inferred from omission; | separates subchanges; vowel marks normalised.
lesser	18	45	468	حينئذ	هنا	Catalogue contrasts the two quoted readings at the stated loci.	38	3	2/210:3	reading_contrast				visually_verified_catalogue	Adwa PDF position 45; external source https://archive.org/download/al-mulakhas/al-risala.pdf		Quoted historical fragments; no complete old sentence inferred from omission; | separates subchanges; vowel marks normalised.
lesser	19	45	468	فعل		Catalogue says the quoted word or phrase dropped from the older print.	38	3	2/210:3	older_omission	فعل			visually_verified_catalogue	Adwa PDF position 45; external source https://archive.org/download/al-mulakhas/al-risala.pdf		Quoted historical fragments; no complete old sentence inferred from omission; | separates subchanges; vowel marks normalised.
lesser	20	45	468	بما	ما	Catalogue contrasts the two quoted readings at the stated loci.	38	8	2/210:8	reading_contrast				visually_verified_catalogue	Adwa PDF position 45; external source https://archive.org/download/al-mulakhas/al-risala.pdf		Quoted historical fragments; no complete old sentence inferred from omission; | separates subchanges; vowel marks normalised.
lesser	21	45	468	على غيرها	عليه	Catalogue contrasts the two quoted readings at the stated loci.	38	9	2/210:9	reading_contrast				visually_verified_catalogue	Adwa PDF position 45; external source https://archive.org/download/al-mulakhas/al-risala.pdf		Quoted historical fragments; no complete old sentence inferred from omission; | separates subchanges; vowel marks normalised.
lesser	22	45	469	من		Catalogue says the quoted word or phrase dropped from the older print.	38	1	2/211:3	older_omission	من			visually_verified_catalogue	Adwa PDF position 45; external source https://archive.org/download/al-mulakhas/al-risala.pdf		Quoted historical fragments; no complete old sentence inferred from omission; | separates subchanges; vowel marks normalised.
lesser	23	45	469	كان	فإن	Catalogue contrasts the two quoted readings at the stated loci.	38	2	2/211:3	reading_contrast				visually_verified_catalogue	Adwa PDF position 45; external source https://archive.org/download/al-mulakhas/al-risala.pdf		Quoted historical fragments; no complete old sentence inferred from omission; | separates subchanges; vowel marks normalised.
lesser	24	45	469	مؤثرا		Catalogue says the quoted word or phrase dropped from the older print.	38	10	2/211:12	older_omission	مؤثرا			visually_verified_catalogue	Adwa PDF position 45; external source https://archive.org/download/al-mulakhas/al-risala.pdf		Quoted historical fragments; no complete old sentence inferred from omission; | separates subchanges; vowel marks normalised.
lesser	25	45	470	قلتم	وقلتم	Catalogue contrasts the two quoted readings at the stated loci.	38	5	2/212:8	reading_contrast				visually_verified_catalogue	Adwa PDF position 45; external source https://archive.org/download/al-mulakhas/al-risala.pdf		Quoted historical fragments; no complete old sentence inferred from omission; | separates subchanges; vowel marks normalised.
lesser	26	45	470	المغيرة	المتغيرة	Catalogue contrasts the two quoted readings at the stated loci.	38	16	2/213:2	reading_contrast				visually_verified_catalogue	Adwa PDF position 45; external source https://archive.org/download/al-mulakhas/al-risala.pdf		Quoted historical fragments; no complete old sentence inferred from omission; | separates subchanges; vowel marks normalised.
lesser	27	46	474	إن		Catalogue says the quoted word or phrase dropped from the older print.	39	17	2/217:16	older_omission	إن			visually_verified_catalogue	Adwa PDF position 46; external source https://archive.org/download/al-mulakhas/al-risala.pdf		Quoted historical fragments; no complete old sentence inferred from omission; | separates subchanges; vowel marks normalised.
lesser	28	46	483	المثبتين	المثبتن	Catalogue new المثبتين versus older المثبتن; the old form lacks ي. The earlier المتين/المبين transcription was incorrect.	39	22	2/228:6	reading_contrast		Range 4 inspected body483/PDF490 and its footnote, corroborating المثبتين versus المثبتن.	Corresponding numbered contextual entry in CORRECTION_REGISTER.json	visually_verified_catalogue	Adwa PDF position 46; external source https://archive.org/download/al-mulakhas/al-risala.pdf		Quoted historical fragments; no complete old sentence inferred from omission; | separates subchanges; vowel marks normalised.
lesser	29	46	493	فأظهرت للناس من التخييلات والتمثيلات	فأظهرت للناس من التمثيلات ...	Catalogue gives the abbreviated old quote and explicitly identifies التخييلات as omitted.	39	13	2/239:1	older_omission	التخييلات			visually_verified_catalogue	Adwa PDF position 46; external source https://archive.org/download/al-mulakhas/al-risala.pdf		Quoted historical fragments; no complete old sentence inferred from omission; | separates subchanges; vowel marks normalised.
lesser	30	46	495	الموجود	الوجود	Catalogue direction is new الموجود, older الوجود.	39	6	2/241:1-2	reading_contrast				visually_verified_catalogue	Adwa PDF position 46; external source https://archive.org/download/al-mulakhas/al-risala.pdf		Quoted historical fragments; no complete old sentence inferred from omission; | separates subchanges; vowel marks normalised.
lesser	31	46	498	في الحديث الصحيح الذي رواه البخاري ومسلم عن أبي هريرة لما قال		Catalogue says the quoted word or phrase dropped from the older print.	39	2-3	2/244:17	older_omission	في الحديث الصحيح الذي رواه البخاري ومسلم عن أبي هريرة لما قال			visually_verified_catalogue	Adwa PDF position 46; external source https://archive.org/download/al-mulakhas/al-risala.pdf		Quoted historical fragments; no complete old sentence inferred from omission; | separates subchanges; vowel marks normalised.
lesser	32	46	502	بشيئين	شرطين	Catalogue contrasts the two quoted readings at the stated loci.	39	last	2/248:4	reading_contrast				visually_verified_catalogue	Adwa PDF position 46; external source https://archive.org/download/al-mulakhas/al-risala.pdf		Quoted historical fragments; no complete old sentence inferred from omission; | separates subchanges; vowel marks normalised.
lesser	33	46	504	سلطانه		Catalogue says the quoted word or phrase dropped from the older print.	39	3	2/249:9	older_omission	سلطانه			visually_verified_catalogue	Adwa PDF position 46; external source https://archive.org/download/al-mulakhas/al-risala.pdf		Quoted historical fragments; no complete old sentence inferred from omission; | separates subchanges; vowel marks normalised.
lesser	34	46	504	أن ما ذكروه عام	أن ما ذكروه كأمر	Catalogue contrasts the two quoted readings at the stated loci.	39	18	2/250:6	reading_contrast				visually_verified_catalogue	Adwa PDF position 46; external source https://archive.org/download/al-mulakhas/al-risala.pdf		Quoted historical fragments; no complete old sentence inferred from omission; | separates subchanges; vowel marks normalised.
lesser	35	46	508	وهو بالفعل	وهذا بالفعل	Catalogue contrasts the two quoted readings at the stated loci.	39	2	2/254:3	reading_contrast				visually_verified_catalogue	Adwa PDF position 46; external source https://archive.org/download/al-mulakhas/al-risala.pdf		Quoted historical fragments; no complete old sentence inferred from omission; | separates subchanges; vowel marks normalised.
lesser	36	46	512	وأنها	وإنما	New catalogue word is وأنها, older وإنما; new is not وأما.	39	15	2/259:18	reading_contrast		Range 5 reports body512/PDF519 وأنها, older وإنما, agreeing with the verified catalogue.	Corresponding numbered contextual entry in CORRECTION_REGISTER.json	visually_verified_catalogue	Adwa PDF position 46; external source https://archive.org/download/al-mulakhas/al-risala.pdf		Quoted historical fragments; no complete old sentence inferred from omission; | separates subchanges; vowel marks normalised.
lesser	37	46	512	من جهة ظنهم أن الكمال	من جهة أن الكمال	Catalogue contrasts the two quoted readings at the stated loci.	39	17	2/260:2	reading_contrast				visually_verified_catalogue	Adwa PDF position 46; external source https://archive.org/download/al-mulakhas/al-risala.pdf		Quoted historical fragments; no complete old sentence inferred from omission; | separates subchanges; vowel marks normalised.
lesser	38	46	518	السلف	المسلمين	Catalogue contrasts the two quoted readings at the stated loci.	39	1	2/266:11	reading_contrast				visually_verified_catalogue	Adwa PDF position 46; external source https://archive.org/download/al-mulakhas/al-risala.pdf		Quoted historical fragments; no complete old sentence inferred from omission; | separates subchanges; vowel marks normalised.
lesser	39	46	518	معلومها	معلوماتها	Catalogue contrasts the two quoted readings at the stated loci.	39	6	2/266:17	reading_contrast				visually_verified_catalogue	Adwa PDF position 46; external source https://archive.org/download/al-mulakhas/al-risala.pdf		Quoted historical fragments; no complete old sentence inferred from omission; | separates subchanges; vowel marks normalised.
lesser	40	46	518	حركة ونعيما	حركة وبقاء	Catalogue contrasts the two quoted readings at the stated loci.	39	last	2/267:8	reading_contrast				visually_verified_catalogue	Adwa PDF position 46; external source https://archive.org/download/al-mulakhas/al-risala.pdf		Quoted historical fragments; no complete old sentence inferred from omission; | separates subchanges; vowel marks normalised.
lesser	41	46	520	فقد يكون يحب	فقد يكون محبه	Catalogue contrasts يحب with محبه; these are distinct word forms, not merely a pronominal-suffix difference.	39	14	2/269:14	reading_contrast				visually_verified_catalogue	Adwa PDF position 46; external source https://archive.org/download/al-mulakhas/al-risala.pdf		Quoted historical fragments; no complete old sentence inferred from omission; | separates subchanges; vowel marks normalised.
lesser	42	46	525	وقد نازع كثير من الناس	وقد مانع كثير من الناس	Catalogue contrasts the two quoted readings at the stated loci.	39	last	2/274:14	reading_contrast				visually_verified_catalogue	Adwa PDF position 46; external source https://archive.org/download/al-mulakhas/al-risala.pdf		Quoted historical fragments; no complete old sentence inferred from omission; | separates subchanges; vowel marks normalised.
lesser	43	46	530	لا يكون	ولا يكون	Catalogue contrasts the two quoted readings at the stated loci.	39	6	2/279:5	reading_contrast				visually_verified_catalogue	Adwa PDF position 46; external source https://archive.org/download/al-mulakhas/al-risala.pdf		Quoted historical fragments; no complete old sentence inferred from omission; | separates subchanges; vowel marks normalised.
lesser	44	47	537	فأبطل الله سبحانه ذلك	فأبطل سبحانه وتعالى ذكر ذلك	Catalogue contrasts the two quoted readings at the stated loci.	40	17	2/288:11	reading_contrast				visually_verified_catalogue	Adwa PDF position 47; external source https://archive.org/download/al-mulakhas/al-risala.pdf		Quoted historical fragments; no complete old sentence inferred from omission; | separates subchanges; vowel marks normalised.
lesser	45	47	539	والمعتزلة والخوارج أنكروا شفاعة نبينا ﷺ أو غيره في أهل الكبائر		Catalogue quotes the new sentence and identifies أو غيره as omitted from the older print.	40	1	2/290:7	older_omission	أو غيره			visually_verified_catalogue	Adwa PDF position 47; external source https://archive.org/download/al-mulakhas/al-risala.pdf		Quoted historical fragments; no complete old sentence inferred from omission; | separates subchanges; vowel marks normalised.
lesser	46	47	540	يشفع الطالب	يشفع للطالب	Catalogue contrasts the two quoted readings at the stated loci.	40	1	2/291:8	reading_contrast				visually_verified_catalogue	Adwa PDF position 47; external source https://archive.org/download/al-mulakhas/al-risala.pdf		Quoted historical fragments; no complete old sentence inferred from omission; | separates subchanges; vowel marks normalised.
lesser	47	47	540	يرجو غير الله ويخاف غير الله ويسأل غير الله		Catalogue quotes the three-clause new phrase and identifies ويخاف غير الله as omitted from the older print.	40	7	2/292:3	older_omission	ويخاف غير الله			visually_verified_catalogue	Adwa PDF position 47; external source https://archive.org/download/al-mulakhas/al-risala.pdf		Quoted historical fragments; no complete old sentence inferred from omission; | separates subchanges; vowel marks normalised.
lesser	48	47	542	ما أخبرت به الرسل ودل عليه المعقول ...	ما أخبرت به الرسل ودلت عليه العقول ...	Both catalogue excerpts are abbreviated; singular المعقول versus plural العقول with differing verb form.	40	11	2/294:13	reading_contrast				visually_verified_catalogue	Adwa PDF position 47; external source https://archive.org/download/al-mulakhas/al-risala.pdf		Quoted historical fragments; no complete old sentence inferred from omission; | separates subchanges; vowel marks normalised.
lesser	49	47	543	ليس العلم الأعلى هو العلم		Catalogue identifies الأعلى as omitted; it does not quote a complete older sentence.	40	1	2/295:4	older_omission	الأعلى			visually_verified_catalogue	Adwa PDF position 47; external source https://archive.org/download/al-mulakhas/al-risala.pdf		Quoted historical fragments; no complete old sentence inferred from omission; | separates subchanges; vowel marks normalised.
lesser	50	47	543	كما يقوله هؤلاء	كما قوله هؤلاء	Catalogue old quote is كما قوله هؤلاء. Retain its printed form without normalising it to the new يقوله.	40	1	2/295:5	reading_contrast				visually_verified_catalogue	Adwa PDF position 47; external source https://archive.org/download/al-mulakhas/al-risala.pdf		Quoted historical fragments; no complete old sentence inferred from omission; | separates subchanges; vowel marks normalised.
lesser	51	47	543	سواء كان حد المسمى اسم	سواء كان حد الشيء اسم	Catalogue quotes the incomplete phrases exactly through اسم: new المسمى, old الشيء.	40	6	2/295:10	reading_contrast				visually_verified_catalogue	Adwa PDF position 47; external source https://archive.org/download/al-mulakhas/al-risala.pdf		Quoted historical fragments; no complete old sentence inferred from omission; | separates subchanges; vowel marks normalised.
lesser	52	47	546	والمقصود أنه ليس ...	والمقصود أي ليس ...	Both catalogue phrases end with ellipses; new أنه contrasts with old أي.	40	12	2/299:11	reading_contrast				visually_verified_catalogue	Adwa PDF position 47; external source https://archive.org/download/al-mulakhas/al-risala.pdf		Quoted historical fragments; no complete old sentence inferred from omission; | separates subchanges; vowel marks normalised.
lesser	53	47	573	الفلسفة التشبه بإله	الفلسفة التشبه بالإله	Catalogue explicitly contrasts indefinite بإله with older definite بالإله.	40	2	2/332:11	reading_contrast		Range 5 reports body573/PDF580 and note1 confirm new بإله, older بالإله.	Corresponding numbered contextual entry in CORRECTION_REGISTER.json	visually_verified_catalogue	Adwa PDF position 47; external source https://archive.org/download/al-mulakhas/al-risala.pdf		Quoted historical fragments; no complete old sentence inferred from omission; | separates subchanges; vowel marks normalised.
lesser	54	47	574	فتحرك النفس جسدها	فتجد له النفس جسدها	Catalogue new فتحرك النفس جسدها versus older فتجد له النفس جسدها.	40	10	2/334:5	reading_contrast				visually_verified_catalogue	Adwa PDF position 47; external source https://archive.org/download/al-mulakhas/al-risala.pdf		Quoted historical fragments; no complete old sentence inferred from omission; | separates subchanges; vowel marks normalised.
lesser	55	47	576	كان مشركا أعظم الشرك		Catalogue identifies الشرك as omitted; no full older phrase is quoted.	40	17	2/337:4	older_omission	الشرك			visually_verified_catalogue	Adwa PDF position 47; external source https://archive.org/download/al-mulakhas/al-risala.pdf		Quoted historical fragments; no complete old sentence inferred from omission; | separates subchanges; vowel marks normalised.
