source_id,evidence_class,fronts,work_and_locus,finding_and_scope,url,local_status,local_record,assessment
S01,P,1,Darʾ Taʿāruḍ 8:124–125,Contested Avicennian possibility and actuality; voice/context guard,https://www.islamweb.net/ar/library/content/413/1411/,corroborative locator,brute-contingent-source-return/REPORT.md,Existing Dar8:126–136 scan-controlled asymmetry/taxonomy appraisal; earlier124–125 locus adds no identified new discriminator. Report/CSV scope differs.
S02,P,1,Darʾ Taʿāruḍ 8:131,Originated existent versus eternally alleged possible,https://www.islamweb.net/ar/library/content/413/1416/,direct prior coverage,brute-contingent-source-return/REPORT.md,Dar8:131 lies within already inspected126–136; no new reading claim.
S03,P,1,Darʾ Taʿāruḍ 8:121–122,Absent possible is not causally symmetric with its actual origination,https://www.islamweb.net/ar/library/content/413/1409/,corroborative locator,brute-contingent-source-return/REPORT.md,Same existence/nonexistence asymmetry directly established at127–131; exact121–122 body not reacquired here.
S04,P,1,Darʾ Taʿāruḍ 3:170,Ibn Sīnā arguments quoted or reconstructed; do not confuse speaker,https://www.islamweb.net/ar/library/content/413/520/,direct prior coverage,brute-contingent-source-return/REPORT.md,Dar3:166–173 voice transition and response directly checked; Ibn Sina quotation is not uniformly Ibn Taymiyyah speech.
S05,P,"1,3",Darʾ Taʿāruḍ 4:239–240,Efficient productive dependence versus broader condition/concomitance,https://islamweb.net/ar/library/content/413/786/,semantic overlap; exact locus unresolved,essence-attribute-source-return/REPORT.md,Existing Dar1:280–282 and4:259–260 separate productive dependence from subject/concomitance. Exact4:239–240 not independently checked here.
S06,P,"1,3",Darʾ Taʿāruḍ 5:103,Extramental particular existence versus mentally separable quiddity,https://islamweb.net/ar/library/content/413/858/,semantic overlap; exact locus unresolved,essence-attribute-source-return/REPORT.md,Same concrete essence/existence and nonreification safeguard directly checked atDar1:292–295; exact5:103 not independently checked here.
S07,P,2,Jāmiʿ al-Masāʾil vol 6 pp91–97,One numerical effect; two complete efficient causes; agreement and cooperation,https://islamweb.net/ar/library/content/416/645/,direct prior scan coverage,simultaneous-nonduplication-source-return/jami/JAMI_VI_94_98_VERIFIED_RETURN.md,Print94–98 checks already establish source argument and index/page offset. CSV91–97 is broader than report94–97.
S08,P,2,Majmūʿ al-Fatāwā 20:176–181,Complete power/will; tamānuʿ dhātī; original perfection,https://www.islamweb.net/ar/library/content/22/2032/,direct prior coverage,simultaneous-nonduplication-source-return/PAGE_AND_VOICE_MAP.md,Majmu20:174–184 complete local source read and productive-condition/perfection analysis.
S09,P,2,Darʾ Taʿāruḍ 9:343,Same effect and subsidiary created agency in productive unity,https://www.islamweb.net/ar/library/content/413/1769/,direct prior coverage,simultaneous-nonduplication-source-return/PAGE_AND_VOICE_MAP.md,Dar9:342–345 item1769 within continuous336–367 source/voice audit.
S10,P,2,Majmūʿ al-Fatāwā 2:32–34,Two original causes and limits of creaturely power,https://www.islamweb.net/ar/library/content/22/133/,direct prior coverage,t20-next-frontier-20261008/bearer-eligibility/SOURCE_READS.json,Majmu2 item133 retained and read in bearer eligibility.
S11,P,"2,5",al-Akmaliyyah / Majmūʿ 6:139–140,"Perfections appropriate to bearer and source, comparison limits",https://www.islamweb.net/ar/library/content/22/590/,full epistle prior coverage,essence-attribute-source-return/REPORT.md,Whole unique Akmaliyya6:68–140 already read; this andS21 are not independent witnesses.
S12,P,3,Darʾ Taʿāruḍ 5:126–127,Universals in intellect versus extramental individuated particulars,https://islamweb.net/ar/library/content/413/875/,semantic overlap; exact locus unresolved,essence-attribute-source-return/REPORT.md,Mental universal versus concrete qualified bearer already directly supported; preciseDar5:126–127 not checked here.
S13,P,3,Darʾ Taʿāruḍ 5:134–135,Mental conceivability not extramental possibility,https://www.islamweb.net/ar/library/content/413/880/,semantic overlap; exact locus unresolved,t20-next-frontier-20261008/bearer-eligibility/CURRENT_FINDING.md,Mental supposition is not external possibility already central to eligibility appraisal; precise5:134–135 not checked here.
S14,P,3,Darʾ Taʿāruḍ 5:143–144,Concrete particular existence/essence; anti-reification,https://www.islamweb.net/ar/library/content/413/884/,semantic overlap; exact locus unresolved,essence-attribute-source-return/REPORT.md,Concrete essence/existence distinction already established; precise5:143–144 not checked here.
S15,P,4,Bayān Talbīs al-Jahmiyyah 4:571–572,Fiṭrī/ḍarūrī basic recognition of Maker,https://www.islamweb.net/ar/library/content/415/839/,fresh bounded primary attribution,independent-five-front-supplement/sources/bayan4-item839.txt,Entire electronic unit read. Reported stronger anti-inference claim differs from author basic-recognition argument; no scan or universal factivity.
S16,P,4,Bayān Talbīs al-Jahmiyyah 4:586,Fiṭrah cognitive and volitional orientation,https://www.islamweb.net/ar/library/content/415/844/,fresh bounded primary attribution,independent-five-front-supplement/sources/bayan4-item844.txt,"Entire electronic unit read. Cognitive-volitional opening precedes586 boundary; transmission continuation through590. Directed orientation, not neutral receptivity."
S17,P,4,Darʾ Taʿāruḍ 7:302–303,"Basic knowledge, rational signs and report",https://islamweb.net/ar/library/content/413/1293/,corroborative locator; exact prior scope unresolved,t20-next-frontier-20261008/fitrah-warrant-bridge/PRIMARY_VERIFICATION.md,PriorDar8 signs/recognition/report distinctions substantially overlap; exactDar7:302–303 not independently checked here.
S18,P,4,Darʾ Taʿāruḍ 8:347–348,Natural cognition of Creator and qualified reasoning,https://islamweb.net/ar/library/content/413/1523/,inherited volume and thematic coverage,t20-next-frontier-20261008/fitrah-warrant-bridge/PRIMARY_VERIFICATION.md,Dar8 full electronic traversal and focused basic recognition unit already recorded; no fresh page347–348 match claimed.
S19,P,5,Majmūʿ al-Fatāwā 8:135–137,Particular willing and determinant; divine wisdom,https://islamweb.net/ar/library/content/22/806/,direct prior span coverage,t20-next-frontier-20261008/wise-determination/SOURCE_READS.json,Majmu8:135–137 inside direct118–153 reading. Item URL may differ; substantive interval controls.
S20,P,5,Majmūʿ al-Fatāwā 12:224–229,Particular voluntary acts and successive creation vs fixed static eternal causal effect,https://www.islamweb.net/ar/library/content/22/1284/,corroborative locator; exact prior scope unresolved,t20-next-frontier-20261008/productive-sufficiency-scope/REPORT.md,Token/series and beginningless-act safeguard already present inMajmu8 return; preciseMajmu12:224–229 not checked here.
S21,P,5,al-Akmaliyyah / Majmūʿ 6:76–78,Original giver-of-perfection reasoning and scope,https://www.islamweb.net/ar/library/content/22/590/,full epistle prior coverage,t20-next-frontier-20261008/productive-sufficiency-scope/REPORT.md,Appropriate-mode giver/perfection argument already examined6:76–90; same epistle asS11.
S22,P,5,Majmūʿ al-Fatāwā 8:88–90,"Wise purposes, unmotivated willing objection",https://www.islamweb.net/ar/library/content/22/805/,prior source; exact early interval unresolved,t20-next-frontier-20261008/wise-determination/REPORT.md,"Majmu8 item805 retained, focused direct118–153 plusAkmaliyya already supports result; precise88–90 not newly verified here."
S23,P,1,Darʾ Taʿāruḍ 3:288–289,Explicit third-option objection: existent through neither self nor other; positive reply,https://www.islamweb.net/ar/library/content/413/593/,highest-priority separate active return,direct-anti-brute-return/,Parent separately assigned directDar3:288–289 contextual/print/inferential check. No duplicate acquisition or premature result here.
S24,P,"1,2,3",Darʾ Taʿāruḍ 3:240–241,Essential attribute qualified necessity versus sole original Creator; distinctions in wajib,https://www.islamweb.net/ar/library/content/413/562/,parent fresh print control,necessity-domain-source-control/RESULT.md,Parent visually readIII239–242. Strengthens necessity-domain safeguard and member/whole-arrangement versus self-production distinction.
S25,P,"1,2,3",Darʾ Taʿāruḍ 3:18,Explicit different senses of necessary existence for essence/attributes and original source,https://www.islamweb.net/ar/library/content/413/441/,parent fresh print control,necessity-domain-source-control/RESULT.md,"Parent visually readIII17–18. Broad necessity, self-standingness and original efficient source are distinct domains."
S26,P,4,Ibn al-Qayyim Aḥkām Ahl al-Dhimmah 2:948–949,Fitrah as innate capacity versus actual infant recognition,https://islamweb.net/ar/library/content/105/198/,fresh bounded primary attribution,independent-five-front-supplement/sources/ahkam2-item198.txt,Whole electronic chapter unit read: opening before945 marker, continuation through953. Author reply begins before948 marker; developing directed capacity already covered byDar8/Shifa.
R01,A,1,Gale and Pruss 1999 A New Cosmological Argument,Possible explanation PSR; publisher abstract checked,https://doi.org/10.1017/S0034412599005004,prior full paper coverage,t20-next-frontier-20261008/modal-psr-bridge/RESULT.md,Published-format1999 article fully read; packet only publisher abstract checked.
R02,A,1,Koons and Pruss 2021 Skepticism and the principle of sufficient reason,"Restricted PSR, explanatory facts and scepticism; accessible author/article body",https://link.springer.com/article/10.1007/s11098-020-01482-3,prior full paper coverage,epistemic-psr-warrant/RESULT.md,Full2020/2021 article21 pages including notes/references; restricts PSR to plural basic natural facts and central inference to metaknowledge.
R03,A,2,Schaffer 2003 Overdetermining Causes,Actual overdetermination rival; author PDF; not full independent reread,https://www.jonathanschaffer.org/overdetermination.pdf,prior full paper coverage,t20-next-frontier-20261008/complete-overdetermination-audit/SOURCE_READS.json,Schaffer printed23–45 fully read; packet only abstract/opening definitions.
R04,A,3,Dasgupta 2009 Individuals: An Essay in Revisionary Metaphysics,Primitive material individuals only; original paper PDF,https://shamik.net/papers/dasgupta%20individuals.pdf,prior full paper coverage,t20-next-frontier-20261008/qualitative-ontology-warrant/QUALITATIVE_ONTOLOGY_WARRANT.md,2009 complete-paper appraisal already distinguishes primitive material individuals from all possible bearers.
R05,A,3,Dasgupta 2014 On the Plurality of Grounds,Plural grounding and non-distributivity; Philosophers Imprint 14(20),https://shamik.net/papers/dasgupta%20on%20the%20plurality%20of%20grounds.pdf,prior full paper coverage,t20-next-frontier-20261008/collective-explanation-adequacy/REPORT.md,2014 all28 pages and49 notes already read; issue14(20) corrected and verified there.
R06,A,3,Dasgupta 2016 Metaphysical Rationalism,Grounding PSR; necessitarianism,https://onlinelibrary.wiley.com/doi/10.1111/nous.12082/full,prior full paper coverage plus targeted returns,t20-next-frontier-20261008/modal-grounding-source/REPORT.md,Inherited2016 full read plus targeted plural-ground and autonomy/norm scope analysis; packet abstract not expansion.
R07,A,4,Plantinga 1993 Warrant and Proper Function,"Truth-directed design plan, cognitive environment, proper function; publisher abstract",https://academic.oup.com/book/3187/chapter-abstract/144075746,exact prior coverage not resolved; nonpriority,t20-next-frontier-20261008/fitrah-warrant-bridge/INDEPENDENT_ASSESSMENT.md,Local warrant distinction already developed; no fresh1993 book/chapter read claimed or needed to adjudicate supplement.
R08,A,4,Plantinga 2000 Warranted Christian Belief,"Proper basing, defeaters and religious warrant; authored text",https://ccel.org/ccel/plantinga/warrant3.iii.html,exact prior coverage not resolved; nonpriority,t20-next-frontier-20261008/fitrah-warrant-bridge/INDEPENDENT_ASSESSMENT.md,Proper-function model versus actual factive warrant already distinguished; no fresh2000 book read claimed.
R09,B,4,El-Tobgui 2018 From Legal Theory to Erkenntnistheorie,Taymiyyan tawatur and knowledge; secondary scholarly abstract,https://scholarworks.brandeis.edu/esploro/outputs/journalArticle/From-Legal-Theory-to-Erkenntnistheorie-Ibn/9924027312401921,inherited full article coverage,recovery-t20/earlier/consolidated/Orthemology_T16_T20_Consolidated_v1_20261007/historical-reading-projections/documents/Orthemology_Seventeenth_Foundational_Source_Guide_Final_v1_20261005.md,"T17 records anthologyPDF71–117, body/bibliography/endnotes; packet institutional abstract adds no new coverage."
R10,B,5,Hoover 2007 Ibn Taymiyya’s Theodicy of Perpetual Optimism,Scholarly context on divine wisdom and voluntary agency; metadata only,https://www.jstor.org/stable/10.1163/j.ctt1w76tv7,exact prior coverage not resolved; nonpriority,positive-agency-source-return/REPORT.md,Packet itself only surveyed metadata; no whole-book claim. Existing primary wisdom/agency appraisal does not depend on this lead.
R11,B,1,Stanford Encyclopedia of Philosophy Cosmological Argument,"Overview of PSR, brute facts and cosmological rivals; secondary",https://plato.stanford.edu/entries/cosmological-argument/,secondary overview; nonpriority,epistemic-psr-warrant/RESULT.md,Existing targeted original-paper appraisal is more discriminating; overview is not new primary evidence.
