member_sha256,occurrence_count,member_bytes,disposition
00cb92b437dc7df664a83bc461c98f03a40dbbe5842da0cf64f6e5282d46c137,7,2168,EXACT_PUBLIC_BYTES_PRESENT
00e07908c644c456497ca216c6d1786620bfb95c30307326dfc51c8e425cfe89,1,2734,PRIVATE_OR_DUPLICATE_OR_UNSELECTED_ARCHIVE_MEMBER_NO_PUBLIC_IMPORT
01024bd88a22b0c9d75bf64c7b6e907b6c309f59b2a8716e1e673648644c5f58,1,1438,PRIVATE_OR_DUPLICATE_OR_UNSELECTED_ARCHIVE_MEMBER_NO_PUBLIC_IMPORT
0234b56f27b520954dbaf618a7e772aaee25ec774dbcbcc7d5424425c547671a,1,1000,PRIVATE_OR_DUPLICATE_OR_UNSELECTED_ARCHIVE_MEMBER_NO_PUBLIC_IMPORT
02465b1e7f505bba152aef8697ceb4f66097c7999e3745a87d7be523d20dfb6a,6,3026,EXACT_PUBLIC_BYTES_PRESENT
02648eb03f047e9f18b15cd424932553b4cfee10ee7007417305fc02c245e246,3,1967,PRIVATE_OR_DUPLICATE_OR_UNSELECTED_ARCHIVE_MEMBER_NO_PUBLIC_IMPORT
026e0e6a479ebd7169009203eed960f6bd58de9ebc2a24ea94f3c7f6b5591a0e,3,4958,PUBLIC_HASH_RECEIPTED_NO_DUPLICATE_IMPORT
02808224fbe7f32f7e1d2dc4f4b3e56582dcf985002876d5ce761d28d4c47861,1,424,PRIVATE_OR_DUPLICATE_OR_UNSELECTED_ARCHIVE_MEMBER_NO_PUBLIC_IMPORT
03318680fd76e701e9dbbafaad7506964e8c9c4fd885df285c50499be03306bb,2,849,PRIVATE_OR_DUPLICATE_OR_UNSELECTED_ARCHIVE_MEMBER_NO_PUBLIC_IMPORT
0377b84a8c2a62b7ed07850579495d9fc86c4dc781bf173d652265eb3a1eed3b,1,251,PUBLIC_HASH_RECEIPTED_NO_DUPLICATE_IMPORT
04dc46909a4e2e080ea6a710138aa0a9442ecfbb6ee5b23b9282d7d75f2cd797,7,464,EXACT_PUBLIC_BYTES_PRESENT
057adbf6a6d2a247b4fbaf4f39b8fb6e827ddc530512ac4d5f3fb052a1f6e052,1,925,PRIVATE_OR_DUPLICATE_OR_UNSELECTED_ARCHIVE_MEMBER_NO_PUBLIC_IMPORT
067c3ee2fa98f0b6b3ee483c154c04852ec64ec096fec26cb047d65982e194fc,1,1071,PRIVATE_OR_DUPLICATE_OR_UNSELECTED_ARCHIVE_MEMBER_NO_PUBLIC_IMPORT
0687f127decd06ea2885948c15fb76b412e4e6dd88f60376d16a9c5cff508823,1,2192,PRIVATE_OR_DUPLICATE_OR_UNSELECTED_ARCHIVE_MEMBER_NO_PUBLIC_IMPORT
070f884ae81e1bd5d86b235ce58f3a102c40948d78bd73057180c99687c8cb0a,2,723,PRIVATE_OR_DUPLICATE_OR_UNSELECTED_ARCHIVE_MEMBER_NO_PUBLIC_IMPORT
076650110eaa5755199f8bf1250d932c7d8fec909d53f0881ef28125705e8fbb,1,424,PRIVATE_OR_DUPLICATE_OR_UNSELECTED_ARCHIVE_MEMBER_NO_PUBLIC_IMPORT
079a19d414ccc18d934599d76fb9e40828936ef9d682a3c40f2653b53d6709eb,1,6823,PUBLIC_HASH_RECEIPTED_NO_DUPLICATE_IMPORT
079c5e29230ea392bd2030367619871727c14e9f8759ad9af221e9b0edcdf48b,1,2653,EXACT_PUBLIC_BYTES_PRESENT
07b824e144f18f1bca94ad9bb1b3555eceb632304a5171d21c0a57df07afdf37,1,21696,PRIVATE_OR_DUPLICATE_OR_UNSELECTED_ARCHIVE_MEMBER_NO_PUBLIC_IMPORT
08bb3051f664c26d6376df6e229c6a489033084aaa05e6204a05fdce43524faa,1,21836,PRIVATE_OR_DUPLICATE_OR_UNSELECTED_ARCHIVE_MEMBER_NO_PUBLIC_IMPORT
095714f2367ce13ead1d24fa5d5fe135933d554acb3b2be452fd40c8efdd80ca,1,1047,PRIVATE_OR_DUPLICATE_OR_UNSELECTED_ARCHIVE_MEMBER_NO_PUBLIC_IMPORT
09630cac3934fc96d97bcaf7b36ae6fb9431df239a98ada95cfc327e48d4cb24,10,857,EXACT_PUBLIC_BYTES_PRESENT
099335f8db47cdbdf66e60d45f026baccdd5a79cbe46e4cca4614519fd312c10,1,861,PRIVATE_OR_DUPLICATE_OR_UNSELECTED_ARCHIVE_MEMBER_NO_PUBLIC_IMPORT
09b69eeb3f38713b239d7445e632d9d2215f2d1a3ed86bf3c6f48b45226a7162,1,1968,EXACT_PUBLIC_BYTES_PRESENT
0a78b914a6515d9bcd6a112f3165cf23af339db3a645ea4ff2d9e481585135ab,2,1366,EXACT_PUBLIC_BYTES_PRESENT
0b23c0dc9789f1f29678ec1049adb5eb4fc258736f952128a8d852ea6665c5a4,1,653,PRIVATE_OR_DUPLICATE_OR_UNSELECTED_ARCHIVE_MEMBER_NO_PUBLIC_IMPORT
0b949aba8b9cc41924e774f37aa04fb9c431862aa68cedde2a64d0f60dd9c9a6,1,1217,PRIVATE_OR_DUPLICATE_OR_UNSELECTED_ARCHIVE_MEMBER_NO_PUBLIC_IMPORT
0c45efb4e376ac94c609bc35f7698e1d40815388470719ee6c29113f5f116632,1,861,PRIVATE_OR_DUPLICATE_OR_UNSELECTED_ARCHIVE_MEMBER_NO_PUBLIC_IMPORT
0d27597e76e4835aec3e2e61d5c3ccf913b967bca810a14ab8cfa6b325a8430f,1,336,PRIVATE_OR_DUPLICATE_OR_UNSELECTED_ARCHIVE_MEMBER_NO_PUBLIC_IMPORT
0d54f15b1b76584dc5d335f8f0f3fa311cd3b3d59f5aab2edfa67d1adaa35358,1,5130,PRIVATE_OR_DUPLICATE_OR_UNSELECTED_ARCHIVE_MEMBER_NO_PUBLIC_IMPORT
0d9e6a35c26c65481e550f1ad1ff42397b3ba2bb129a18fd3f7f30837db6f16b,1,1506,PRIVATE_OR_DUPLICATE_OR_UNSELECTED_ARCHIVE_MEMBER_NO_PUBLIC_IMPORT
0f29fc7d081898901fd78af1ba1aaf379264988bd844b6cf13258551cfd13eef,6,5815,EXACT_PUBLIC_BYTES_PRESENT
0f2b706d570a20621b17d06fd8bdf8b08a0ef53cf07c1d1736b36aca0d13bcc5,1,1451,PRIVATE_OR_DUPLICATE_OR_UNSELECTED_ARCHIVE_MEMBER_NO_PUBLIC_IMPORT
0f7716d1f71d310b0d8bb42f839a6386baac30dfe8b2c7668127731e4204d8c9,3,805,PRIVATE_OR_DUPLICATE_OR_UNSELECTED_ARCHIVE_MEMBER_NO_PUBLIC_IMPORT
10d18e9ac2421fb390d94be93000d5b8d001fb823b662273edad94ccc12f26fd,1,4412,PRIVATE_OR_DUPLICATE_OR_UNSELECTED_ARCHIVE_MEMBER_NO_PUBLIC_IMPORT
1220cead40a26e2f3dcf28eefa113468c896ea0736cfc968332044e19a92d770,1,1040,EXACT_PUBLIC_BYTES_PRESENT
122823460f74ed9f819af767c13ee5903576757260a2fe14c3b58590f9f8a53f,2,2228,EXACT_PUBLIC_BYTES_PRESENT
13f9f7fd4c638f9feb47cc5d256c2c7dcbc730aabe29db22cf2ab103a25336a8,2,1569,EXACT_PUBLIC_BYTES_PRESENT
141a3516c4d76da60032c3d17fd766ab426bc2bf1936fa978901f9cdc6a4fc2f,1,386,PRIVATE_OR_DUPLICATE_OR_UNSELECTED_ARCHIVE_MEMBER_NO_PUBLIC_IMPORT
15c23e7d3eb258aaa73e7f79f354b06838824de79c9489973aad20a661b45cea,2,462,EXACT_PUBLIC_BYTES_PRESENT
1702d64f4b96665711920474c6a2c682ee69706c550f8f579007ce5783326414,1,14342,PRIVATE_OR_DUPLICATE_OR_UNSELECTED_ARCHIVE_MEMBER_NO_PUBLIC_IMPORT
17ed6c842069f52d7682bd7ecde9057d861d069c40af8fce146d113b5127b84e,3,5084,PUBLIC_HASH_RECEIPTED_NO_DUPLICATE_IMPORT
183eb537beabdfeb36cd0459e1baa117de25c01fc312e67a501fa268b69f547a,1,3004,PRIVATE_OR_DUPLICATE_OR_UNSELECTED_ARCHIVE_MEMBER_NO_PUBLIC_IMPORT
18b58fcc9efd610f3decb2d3746d2a93c8063afefa126443759399b46e8158cf,1,479,PRIVATE_OR_DUPLICATE_OR_UNSELECTED_ARCHIVE_MEMBER_NO_PUBLIC_IMPORT
19409e995d9749c30349e32bdcc189ded50a593a7a35992621206cbe8f403352,1,1605,PRIVATE_OR_DUPLICATE_OR_UNSELECTED_ARCHIVE_MEMBER_NO_PUBLIC_IMPORT
195139d63f4c78c84facd837b28d0ce0e0c90573c75162bee4448745c3147731,1,354,EXACT_PUBLIC_BYTES_PRESENT
195f49862819288e1c38bd9baf3cf1e579305ccdd834a1eae36081ba4437e0c9,1,9874,PRIVATE_OR_DUPLICATE_OR_UNSELECTED_ARCHIVE_MEMBER_NO_PUBLIC_IMPORT
196900ee24cceb54d359effda6c4c8c96a9784ccbda3ba9c4d7a754d26a79218,1,607,PRIVATE_OR_DUPLICATE_OR_UNSELECTED_ARCHIVE_MEMBER_NO_PUBLIC_IMPORT
1a6934fd726533e43d04d1d8783814d109e5838c1d1a5970b988993c3b9cb577,1,2428,PRIVATE_OR_DUPLICATE_OR_UNSELECTED_ARCHIVE_MEMBER_NO_PUBLIC_IMPORT
1a6ec5d247f8902d89fc92249af7187dc6b67d1b595006b2bfaae0129fe6b434,1,753,PUBLIC_HASH_RECEIPTED_NO_DUPLICATE_IMPORT
1a99dee721cfdfdd4d5cc76e4c095be41cfc85b9ff44df4e4180b06844de99c4,1,1045,PRIVATE_OR_DUPLICATE_OR_UNSELECTED_ARCHIVE_MEMBER_NO_PUBLIC_IMPORT
1b3e81daa67aea6096e1806d797d911b5289c6f2fd46ffa39f19cdafca7d3adf,1,818,PRIVATE_OR_DUPLICATE_OR_UNSELECTED_ARCHIVE_MEMBER_NO_PUBLIC_IMPORT
1bd0abdff66a82f0cba9669005d879373f496b5f549b4fcd885408f204a4bef3,1,395,PRIVATE_OR_DUPLICATE_OR_UNSELECTED_ARCHIVE_MEMBER_NO_PUBLIC_IMPORT
1c7060cf1954844dcd53dffbb3eb22529e4eedafe52cff2145ad519e12ea7cb2,1,1734,PRIVATE_OR_DUPLICATE_OR_UNSELECTED_ARCHIVE_MEMBER_NO_PUBLIC_IMPORT
1c80a6f21439856f735902237e1047fcbdaf25e44bb50ed7f49b27374d1f22f3,1,1357,PRIVATE_OR_DUPLICATE_OR_UNSELECTED_ARCHIVE_MEMBER_NO_PUBLIC_IMPORT
1ca4a64ce0814f0831fc1e0b9ee4cc15ed789889f117f88217006e2b3a11ebf1,1,2796,PRIVATE_OR_DUPLICATE_OR_UNSELECTED_ARCHIVE_MEMBER_NO_PUBLIC_IMPORT
1d49a998136c24513ed1aae0ec1faf08d7a8cc2efe2e0ab519ba22a8b872319f,1,755,PRIVATE_OR_DUPLICATE_OR_UNSELECTED_ARCHIVE_MEMBER_NO_PUBLIC_IMPORT
1d68f6dfa2a0959136d876bfcf81de85e732275bfecc0ddbbb7e28e9b66dbc48,1,6004,PRIVATE_OR_DUPLICATE_OR_UNSELECTED_ARCHIVE_MEMBER_NO_PUBLIC_IMPORT
1d6b4ca11af5d9ea3619b17ceba40679bf94a58c243a0aadf5c7f640c8fb38d2,2,987,EXACT_PUBLIC_BYTES_PRESENT
1dfe313671f95c2588d7bf082169eb0c20739d7bf18304cbf81f4f86d70f0dfa,4,14332,EXACT_PUBLIC_BYTES_PRESENT
1e8b9ed10b1dd615e77c3e56f5d381bc6e9fcf0fe602aa85f430f1dd84d3c764,6,11022,EXACT_PUBLIC_BYTES_PRESENT
1f36c905ed228edfbe99fe966f944b07055c8cb33e8743038314bd49dbe6191a,3,1431,EXACT_PUBLIC_BYTES_PRESENT
1fbd97bd04fc4ab09bc8c259ff045723128da831cfacfbe18ea0ebc8cdc3ebda,6,7044,EXACT_PUBLIC_BYTES_PRESENT
1ff4736bd28a6533af536bc4ac32721fe898ac304316aee5035e8f880b4558eb,1,798,PRIVATE_OR_DUPLICATE_OR_UNSELECTED_ARCHIVE_MEMBER_NO_PUBLIC_IMPORT
209af705b7ca686d0bd94af2cd51ed4ae51379c9417d585d31f2d41af084f15c,2,532,EXACT_PUBLIC_BYTES_PRESENT
21013759c470a0b82ba248d04641926699e32767f2b6a2b8d52fe9898c2f7ea5,1,8942,EXACT_PUBLIC_BYTES_PRESENT
21d29b58de91678151bec2678c769688b6dc92e1afd98dc3204428925aa01573,1,1357,PRIVATE_OR_DUPLICATE_OR_UNSELECTED_ARCHIVE_MEMBER_NO_PUBLIC_IMPORT
225cffba4ddc79b1a466bca704d7b1323dca94cf6ea2f615b3409bf74daffdf0,1,4745,EXACT_PUBLIC_BYTES_PRESENT
232c0489f47bf431eabb0d624fc0002b8524007fe438c51f714f0a341c25acf3,4,1445,EXACT_PUBLIC_BYTES_PRESENT
236d570a5bc1a149008cd20ae8493d53afd609a8585e01ffb46ae4df863b3af2,1,2665,PUBLIC_HASH_RECEIPTED_NO_DUPLICATE_IMPORT
23c129f9ce8803498de8abfb90c5e912bb378cb17836bb2f49a23512d8279125,1,685,PRIVATE_OR_DUPLICATE_OR_UNSELECTED_ARCHIVE_MEMBER_NO_PUBLIC_IMPORT
240d3eb76083a76cf707440c4652c6f5681af5294a022dc2d167b06711025e0e,1,13687,PRIVATE_OR_DUPLICATE_OR_UNSELECTED_ARCHIVE_MEMBER_NO_PUBLIC_IMPORT
24454daa2d6665452b433a7407be1af81fdb8587eaa4463a567b708d8947a672,1,3963,EXACT_PUBLIC_BYTES_PRESENT
2448c9a0466af385bc3ed2538d031a6a6144482d209f2e14c8a3c1ab726d8d25,3,1834,PUBLIC_HASH_RECEIPTED_NO_DUPLICATE_IMPORT
24eaef291d5a4a1525783683ad0d27454376a3648912eb649d3c607cd8727483,1,1519,PRIVATE_OR_DUPLICATE_OR_UNSELECTED_ARCHIVE_MEMBER_NO_PUBLIC_IMPORT
25d8cff74cc11fbbad992fe212f364ac4941d3245a52c890030103cc627f1812,4,2166,EXACT_PUBLIC_BYTES_PRESENT
25eb890e13b9fc2b1438cc1e356c03fc7a9ac643e1dfe6e4738c4bd58e35f48e,1,432,EXACT_PUBLIC_BYTES_PRESENT
263a2f54118bf4a271ff5118c09140cc7e99abd7643027e07085676edea9dac5,1,2548,EXACT_PUBLIC_BYTES_PRESENT
270926b76646130bc716bd2eda6cfc7b47963e131e9f9ac3657112296b1f3bd9,1,883,PRIVATE_OR_DUPLICATE_OR_UNSELECTED_ARCHIVE_MEMBER_NO_PUBLIC_IMPORT
27f5dd3e3b997a21fb6b864376e5caed29ee404a49bbe3a75b49f5efde74548b,3,1190,PRIVATE_OR_DUPLICATE_OR_UNSELECTED_ARCHIVE_MEMBER_NO_PUBLIC_IMPORT
27f9f013860e2ca9c356c7a621ff8f613bb084c5428714bdfb16dbcd554fc75e,1,2013,PUBLIC_HASH_RECEIPTED_NO_DUPLICATE_IMPORT
292f94cd8d248c674845449d1fadccb004a1b8bae837a2353754f1fb5515aca6,6,4613,EXACT_PUBLIC_BYTES_PRESENT
29820d0e805b9cb9642e36d36a7d2fb523cf14f26f3e0de8b175a48d56f8548a,1,847,PRIVATE_OR_DUPLICATE_OR_UNSELECTED_ARCHIVE_MEMBER_NO_PUBLIC_IMPORT
2a74a9562bd38834fe8a31c14ceca4b0520a5c4f55cda4bf41d83c1efae57623,6,3278,EXACT_PUBLIC_BYTES_PRESENT
2add264f637cc6496284f67a0ed2cf4ef9de9c8669fbd05a023e82481c6115e4,1,420,PRIVATE_OR_DUPLICATE_OR_UNSELECTED_ARCHIVE_MEMBER_NO_PUBLIC_IMPORT
2add2a30f7e71ffd7f27462f6faaad1dad5f031127adb85e8397748c0c6875c8,1,11800,PRIVATE_OR_DUPLICATE_OR_UNSELECTED_ARCHIVE_MEMBER_NO_PUBLIC_IMPORT
2b0215c41c43d2948acc11b9abbf0cd874648e812ec7ebc586a31ad3853cd545,1,4692,PRIVATE_OR_DUPLICATE_OR_UNSELECTED_ARCHIVE_MEMBER_NO_PUBLIC_IMPORT
2c62f902709a00ef3b832ae20f07ba44df9f0ec9d7b287a7290e893c56444bb3,6,2282,EXACT_PUBLIC_BYTES_PRESENT
2ce90710d38666b5d6e3b9b1619a2c3c0ba747f4add03a3ec7eff59e236ec9cf,1,2698,EXACT_PUBLIC_BYTES_PRESENT
2d8c9f7f77d03ea07f12385712dfa1b068a111e84bdf050180681ba055e76589,2,5062,EXACT_PUBLIC_BYTES_PRESENT
2e34ec7b5e8ad8421b6b5f71dda9b4a5d38601f666dc59f002f2786fd03f9aa1,1,536,PRIVATE_OR_DUPLICATE_OR_UNSELECTED_ARCHIVE_MEMBER_NO_PUBLIC_IMPORT
2eaf83c252d71eef68a100575b9b89391bb83453a2bbaad1c889c7b3a6a0ba56,4,1690,EXACT_PUBLIC_BYTES_PRESENT
2eb9da316de15d1bb5a4b84e8011da89706dbd7f32314c74c71303aa647cc4d3,1,12940,PRIVATE_OR_DUPLICATE_OR_UNSELECTED_ARCHIVE_MEMBER_NO_PUBLIC_IMPORT
2ed21e6de610f86beef166a99b8a25897cdbff1144c34aab72d9da4997f6ff93,3,4666,EXACT_PUBLIC_BYTES_PRESENT
2eef3bb3e8f012d503a04030391453dc249a7c5c226e69e32d2e6328ed2ed963,7,4098,EXACT_PUBLIC_BYTES_PRESENT
2f2fc5df12efb1603b020e48d7d34ccee654e2ed58445e24e9c34deb7b86ef2c,3,596,EXACT_PUBLIC_BYTES_PRESENT
2fe478676abc7bec08d18773070165edbde473a776dc47e947742e16a59d0b88,3,355,EXACT_PUBLIC_BYTES_PRESENT
311818ec2a81897c0f5e76e1fd8a73e7e95b8f5f9bf1b337746996c18e17211a,2,1409,EXACT_PUBLIC_BYTES_PRESENT
31b0c5bf891b9f68e482e895e00ee8b10a05d6bcdbea32477f9897fb2d9ba196,1,581,PRIVATE_OR_DUPLICATE_OR_UNSELECTED_ARCHIVE_MEMBER_NO_PUBLIC_IMPORT
31fa5b249ede9a5cd7ee180c175f432fdd29c2d94d43321de95a0ecc40b08d9e,1,39767,PUBLIC_HASH_RECEIPTED_NO_DUPLICATE_IMPORT
32c71b0784e9cb5be749ead902c6a92fc73855c17daf7940530f472adede49e3,1,25580,PRIVATE_OR_DUPLICATE_OR_UNSELECTED_ARCHIVE_MEMBER_NO_PUBLIC_IMPORT
3501fe1f950e86e85bac33dcac6e2b0f7771d2b4b5103c2d114f43453cf36b80,1,2039,PRIVATE_OR_DUPLICATE_OR_UNSELECTED_ARCHIVE_MEMBER_NO_PUBLIC_IMPORT
3558c6e2693bbed1e3a7f9ce531071e8a3485ad9086c46a2be6e318def89ee8a,1,565,PRIVATE_OR_DUPLICATE_OR_UNSELECTED_ARCHIVE_MEMBER_NO_PUBLIC_IMPORT
355a78bd5bb01733655950e153329c82ac28b04af53fe0bb8ac6c5a557b1dc6a,7,426,EXACT_PUBLIC_BYTES_PRESENT
363c8d7cacefe969f40a451a85d153cd94fb68cddbf29bd2b60783cf8d762b3c,1,610,PRIVATE_OR_DUPLICATE_OR_UNSELECTED_ARCHIVE_MEMBER_NO_PUBLIC_IMPORT
3653dbf6189c332ea34dfe8b83cf2ffec508e6b38f0693803af1bd462a06a278,3,9839,EXACT_PUBLIC_BYTES_PRESENT
37f9bf1535f9a95811b8b5cff6271e9b4e2afce6ea8dddb315ddaaf147c23034,1,3301,PRIVATE_OR_DUPLICATE_OR_UNSELECTED_ARCHIVE_MEMBER_NO_PUBLIC_IMPORT
385e8dbf103f606d64b11f1c852ab49639a917c99131c331abdfb08b09ce07e8,4,904,EXACT_PUBLIC_BYTES_PRESENT
3951ae92ee93c1a511c14226c4507571b70cb2f43a02583bacae1d0bc1ad9de0,1,1371,PRIVATE_OR_DUPLICATE_OR_UNSELECTED_ARCHIVE_MEMBER_NO_PUBLIC_IMPORT
39937ceb1f815b6cfd9637270f033daa024d3dd97154205444c2b77c9ba194f5,1,2045,PRIVATE_OR_DUPLICATE_OR_UNSELECTED_ARCHIVE_MEMBER_NO_PUBLIC_IMPORT
399552e340f3a63292a383c4597207d92ebb2064d8d631195c10fd4ae8080aa4,1,3057,PRIVATE_OR_DUPLICATE_OR_UNSELECTED_ARCHIVE_MEMBER_NO_PUBLIC_IMPORT
39b6c81d02a8f795e537544ecbd52e85b5e816427617bebd166c2e1520b3b05e,3,1018,EXACT_PUBLIC_BYTES_PRESENT
39dcd5458d2f31ae47176487fc7b59de1a04848c0802bf84ec54d392bed12f2e,1,88165,EXACT_PUBLIC_BYTES_PRESENT
3a71ffa0146f447fcd7539ebf0a167a46228bd227799cfd4eefd62a8851b6b40,2,3422,EXACT_PUBLIC_BYTES_PRESENT
3ad905f597ab6c5abb95cf8c9df3b4e4fb6c0f8753400854d24097c8d54fc81e,1,5454,PRIVATE_OR_DUPLICATE_OR_UNSELECTED_ARCHIVE_MEMBER_NO_PUBLIC_IMPORT
3b4bd9956eea02737440d8789ff3ac1b989488fb0f4a2ad46eb17f5e9fa82a8a,1,5591,EXACT_PUBLIC_BYTES_PRESENT
3c368085341b2c5edacab95a41217561c71e6b408a94b782385a073eb97752c5,3,1390,PRIVATE_OR_DUPLICATE_OR_UNSELECTED_ARCHIVE_MEMBER_NO_PUBLIC_IMPORT
3ce8cfc08d7c511e08e09813856d1b8551dfdc317e8e5a9e93348d6a34697dee,7,377,EXACT_PUBLIC_BYTES_PRESENT
3d0a114ea240c52ebcccd09e173720109d87fab02185824f4663366b5e2c534c,1,622,PRIVATE_OR_DUPLICATE_OR_UNSELECTED_ARCHIVE_MEMBER_NO_PUBLIC_IMPORT
3d88b293140819f469c30850c35f08e2202fe651f9132851f10c980197a827ab,1,555,PRIVATE_OR_DUPLICATE_OR_UNSELECTED_ARCHIVE_MEMBER_NO_PUBLIC_IMPORT
3da6fcc27dfc24d31ceb76ff3768aafb12e6eaa42b9600e154ee97740a4d9bd1,1,8538,PRIVATE_OR_DUPLICATE_OR_UNSELECTED_ARCHIVE_MEMBER_NO_PUBLIC_IMPORT
3e2c5c67bf6d81ff9df2239a1e78629e2b820ff4aaa50ddb4986063ba6c5b96a,6,3094,EXACT_PUBLIC_BYTES_PRESENT
3e4a4fbc1354e3dbc58ca2d9f807d3d4ce7b335a946ea36b6191acbafb2bc36d,2,1424,EXACT_PUBLIC_BYTES_PRESENT
3e825ba0bf92d170a0a6ada152d00ae7121eafbeb6d6ee059bf0d0c9da664405,1,818,PRIVATE_OR_DUPLICATE_OR_UNSELECTED_ARCHIVE_MEMBER_NO_PUBLIC_IMPORT
3f31e22a0b469185aa0643041035676fdc5e8cb634f504a84defd6fc956ac3a0,1,1411,PRIVATE_OR_DUPLICATE_OR_UNSELECTED_ARCHIVE_MEMBER_NO_PUBLIC_IMPORT
4019ad68d95c116780f3a8d7f4b167adbd1b29565ff9ca93f62c36a59a784ff9,1,4663,PUBLIC_HASH_RECEIPTED_NO_DUPLICATE_IMPORT
40a55ce87189edc68c8047497507f99c66436076c2742a5f814ad89303dd3823,1,433,PRIVATE_OR_DUPLICATE_OR_UNSELECTED_ARCHIVE_MEMBER_NO_PUBLIC_IMPORT
412a025527297b537481079a77a44a1b864a38e450d143e885fb925bd5a4f922,1,2243,PRIVATE_OR_DUPLICATE_OR_UNSELECTED_ARCHIVE_MEMBER_NO_PUBLIC_IMPORT
415137bcb1b8f2738f00ff48aba92e424180d761a047ae29736226559442e8b6,1,973,PUBLIC_HASH_RECEIPTED_NO_DUPLICATE_IMPORT
41884497195d4b0fb24c5050e8d713548bef159208545e53ee74785cd185ae5a,1,675,PRIVATE_OR_DUPLICATE_OR_UNSELECTED_ARCHIVE_MEMBER_NO_PUBLIC_IMPORT
42c5a2c6f432ca0543642a00a95ba82e23a09b36ec75c809ba7ea8be303f0dff,1,2342,PRIVATE_OR_DUPLICATE_OR_UNSELECTED_ARCHIVE_MEMBER_NO_PUBLIC_IMPORT
43347c11d085c6fdad1e7bfc02f0f7e37e4a38059b0324261315d835586362c5,1,1424,PRIVATE_OR_DUPLICATE_OR_UNSELECTED_ARCHIVE_MEMBER_NO_PUBLIC_IMPORT
44e0a1f649128af6cc51bc9fc54a970c56169a080629e231f4fe7aaf2a3e4f03,1,1519,PRIVATE_OR_DUPLICATE_OR_UNSELECTED_ARCHIVE_MEMBER_NO_PUBLIC_IMPORT
44e711386ae2fd44a3762b39894b08c2e2e21d86bc3f0dcc2e3714e84f4b2ae2,2,13333,EXACT_PUBLIC_BYTES_PRESENT
452376b65677bf5306ecdaa6f7dc7209c0c25e219d90203cd645929db0f69e16,1,3149,EXACT_PUBLIC_BYTES_PRESENT
45c91c8c3a30a3b23a910871680a26d1af0728471beb16d043735e04b40dab27,1,1664,PRIVATE_OR_DUPLICATE_OR_UNSELECTED_ARCHIVE_MEMBER_NO_PUBLIC_IMPORT
470e6701aa574260dbfe1b9c94334dd0bd223d99244deda050d91eda1aa39f59,4,4285,EXACT_PUBLIC_BYTES_PRESENT
471fded333c05979977af3dc441f5a74ebe3359c1540aa36064a9855d9d6bd3d,1,416,PRIVATE_OR_DUPLICATE_OR_UNSELECTED_ARCHIVE_MEMBER_NO_PUBLIC_IMPORT
473656d44853093bfe40f79e53de3feb93545607725a9de30743829dc9badbc0,7,860,EXACT_PUBLIC_BYTES_PRESENT
4790918be5bc7dd89fb6175e8b8d71e88cb56a3b68293ef17794ec31e719fe73,1,1651,PRIVATE_OR_DUPLICATE_OR_UNSELECTED_ARCHIVE_MEMBER_NO_PUBLIC_IMPORT
47b4b26859ffacf97e6e3dfa20d8b9e0d8237423794c73dea99c58ca51dc15a9,4,12874,EXACT_PUBLIC_BYTES_PRESENT
47d9dda5638b51d77eb9c9b296356475ba7f1d50085ecea940b00459d5a87f0d,1,1914,PRIVATE_OR_DUPLICATE_OR_UNSELECTED_ARCHIVE_MEMBER_NO_PUBLIC_IMPORT
481d79a8c5e082a058d781ff6fe4c6666bef3f1f3de0f371cfc20ced3c28be04,2,1678,PRIVATE_OR_DUPLICATE_OR_UNSELECTED_ARCHIVE_MEMBER_NO_PUBLIC_IMPORT
483f598b2d7e828ee795cf2a6f85bd9d673e0207e8c1487e06aa824b334340a4,1,4660,PRIVATE_OR_DUPLICATE_OR_UNSELECTED_ARCHIVE_MEMBER_NO_PUBLIC_IMPORT
4974a29bf6f530601c2513c56bd0a057c3ecb408f1df129c0ded1a6b568617db,1,1823,EXACT_PUBLIC_BYTES_PRESENT
49b5f2fc570b6567536458a70dcbf25828d8cc66f89fc6c4689d71f0180ea9e9,1,4031,PRIVATE_OR_DUPLICATE_OR_UNSELECTED_ARCHIVE_MEMBER_NO_PUBLIC_IMPORT
49f606554502220e7a4747743b0a05c9d3ca6e5ee347d2af49a6462b7b60f23a,1,570,PRIVATE_OR_DUPLICATE_OR_UNSELECTED_ARCHIVE_MEMBER_NO_PUBLIC_IMPORT
4afcab57e7ca020161cad4eea8755135a3e229ce07fd0f6a30c4aa359ec3f8fd,2,3765,EXACT_PUBLIC_BYTES_PRESENT
4b39d0be85089312da22826c59175dfd45de903726c3ce3f9cddcb8206feca15,6,2467,EXACT_PUBLIC_BYTES_PRESENT
4bf94a9c1942abd5a983ca111ab14ac36510dc6f39adc95861e16fac2bbd9f98,4,567,EXACT_PUBLIC_BYTES_PRESENT
4cf6a1f1cb256cea3014e6162f576bb50ca25c79bd1bd9cdc9d860a7e8dca230,1,891,PUBLIC_HASH_RECEIPTED_NO_DUPLICATE_IMPORT
4d06f220788120a529124f93f04ea80145f1a5d8a939ddc6f6566b3416f66556,1,22721,EXACT_PUBLIC_BYTES_PRESENT
4e33e2e56fb43a6b8ee10ed5fc070016480b5cccf06684fac0f5822639238d9f,1,347,PRIVATE_OR_DUPLICATE_OR_UNSELECTED_ARCHIVE_MEMBER_NO_PUBLIC_IMPORT
4e765ded8cf841e5f534eacba3f2229de85443dabf20bedcf8ce3755b0bc039a,1,912,PRIVATE_OR_DUPLICATE_OR_UNSELECTED_ARCHIVE_MEMBER_NO_PUBLIC_IMPORT
4e98a6833062fd62bca22f3ac89fd82f4003ddc49cda6c7e80c5a1f0d6d62e8e,1,9231,PUBLIC_HASH_RECEIPTED_NO_DUPLICATE_IMPORT
4f19f18ebf4d6128d155ba701e6d15ba4de73d062e4265dc0d72a1225a933c2a,1,9540,PRIVATE_OR_DUPLICATE_OR_UNSELECTED_ARCHIVE_MEMBER_NO_PUBLIC_IMPORT
508efd8a16c1391bc8fb324194673979dbe6b8abe2fcd04c7effccfda3f99cf1,2,8118,EXACT_PUBLIC_BYTES_PRESENT
51129272d13e498d3cfd3bfb9c960dac0ac228fdf4b218e01c188b3bb581eae2,1,1414,EXACT_PUBLIC_BYTES_PRESENT
51a6ca884f40945824de8313812c8ce3f6f648ce8596c4f3ae0a8ff37a402ee5,6,12188,EXACT_PUBLIC_BYTES_PRESENT
51ff608f1cabecd293be29a9cef4ab46b44b225d89521bcd5b4546546c65eb41,1,752,PRIVATE_OR_DUPLICATE_OR_UNSELECTED_ARCHIVE_MEMBER_NO_PUBLIC_IMPORT
521b9c7d664bac4c11b6b4c17afde5292e760da15ea1efcef839a8b99fe2f89a,1,2383,PRIVATE_OR_DUPLICATE_OR_UNSELECTED_ARCHIVE_MEMBER_NO_PUBLIC_IMPORT
534d5d14b10694efcc53616502df4cac8a7e12e0b050cde335e12427f3f14a31,1,506,EXACT_PUBLIC_BYTES_PRESENT
535e2abe792f9ef5cb033a57033dc4f83a23778b6a85f6c5006e8425951a5a3e,1,3062,PRIVATE_OR_DUPLICATE_OR_UNSELECTED_ARCHIVE_MEMBER_NO_PUBLIC_IMPORT
541cb4ca1eedcb2653e8438c8b1ecabacb5d7a8e2a395d908255d58329b4bf24,1,1712,PRIVATE_OR_DUPLICATE_OR_UNSELECTED_ARCHIVE_MEMBER_NO_PUBLIC_IMPORT
54259d8eba0d11385674935a817983a5a78ce355c069efd1231c9b2073bb79c7,1,8972,EXACT_PUBLIC_BYTES_PRESENT
548991f3bbc47d9cd856252f3a825e66da2e1cd0abd5ff149dbf0fc5a7693d1b,1,963,PRIVATE_OR_DUPLICATE_OR_UNSELECTED_ARCHIVE_MEMBER_NO_PUBLIC_IMPORT
54ba3b0eaf30c0c5aa3b58ffcfcc9ea5c2c92302e306c7d0bf103d4d3d1544cb,2,1101,EXACT_PUBLIC_BYTES_PRESENT
55eacb4c7b58ca59f8450f683eb1740e71e0375a7e8a8a05423c03a91a81da39,1,3267,PRIVATE_OR_DUPLICATE_OR_UNSELECTED_ARCHIVE_MEMBER_NO_PUBLIC_IMPORT
55ecfe5b555f1de3a838f1989a047f8d64d696b5c2711e2b69bb346a338e7537,1,4961,PRIVATE_OR_DUPLICATE_OR_UNSELECTED_ARCHIVE_MEMBER_NO_PUBLIC_IMPORT
5658f895e86014dbb339c82f9f2e2219fd596b9fa665cf36f50cdb7bc7d8e89b,1,1372,EXACT_PUBLIC_BYTES_PRESENT
567ef479c539ca11827ef930036be1cb5c4bce93942bcd3b4d195b24fb190d4b,1,1306,PRIVATE_OR_DUPLICATE_OR_UNSELECTED_ARCHIVE_MEMBER_NO_PUBLIC_IMPORT
56a79ed8e88584598b9bcbae4440bf69b027bfc9d3606a24520859646f18e04d,7,868,EXACT_PUBLIC_BYTES_PRESENT
575d1199348bbf1d774be2a255f73cade458733100c5f8e4a2c7d85814d611e2,9,4303,EXACT_PUBLIC_BYTES_PRESENT
59006ddcb0c899432d9af8a628de2a9798b68832cc79c05e5ec6141f945acf2c,1,45342,EXACT_PUBLIC_BYTES_PRESENT
599e9dd9595e26ae857a9a1e7c8a07306a2ec13f25c0c5a0500da544bc45f3ba,6,10299,EXACT_PUBLIC_BYTES_PRESENT
5a43a7f04f9528c86c9452f0b3aa07138575acf30cc85841caff2ddba0ef8639,1,686,PRIVATE_OR_DUPLICATE_OR_UNSELECTED_ARCHIVE_MEMBER_NO_PUBLIC_IMPORT
5a4acd98b56ef5b28b0e9b7937e1aad8df4cd5afdb3ac65cf3385ab5681bff36,1,1491,PRIVATE_OR_DUPLICATE_OR_UNSELECTED_ARCHIVE_MEMBER_NO_PUBLIC_IMPORT
5b61bb501664299324e4ac70fa3902331912f37b2e53b65004e76816b4d9789f,1,1910,PRIVATE_OR_DUPLICATE_OR_UNSELECTED_ARCHIVE_MEMBER_NO_PUBLIC_IMPORT
5b67485b6604b81ffc49d4575afd9ddfa367e5bb112a32a9b13d4eef3db8a80d,1,2615,PRIVATE_OR_DUPLICATE_OR_UNSELECTED_ARCHIVE_MEMBER_NO_PUBLIC_IMPORT
5b8d1b411c7a5aea03e0bd0f836d0d68f9f698f3429125cd5e82fd01c8163a7c,1,3317,PUBLIC_HASH_RECEIPTED_NO_DUPLICATE_IMPORT
5b9ae1499fa4fcb1e622b85641aa95606729b89c361f9c6fc998777322ce77b9,3,10131,PUBLIC_HASH_RECEIPTED_NO_DUPLICATE_IMPORT
5b9bf16ebd51a72e90be83de3b20bcceefdfafc036596a1a83efe0033efd085b,1,2659,PRIVATE_OR_DUPLICATE_OR_UNSELECTED_ARCHIVE_MEMBER_NO_PUBLIC_IMPORT
5ca21323dcabec1d9ceec66ff5ded89c1a9b0f69fc4c22f23fdf706a0f57c58f,1,114,PRIVATE_OR_DUPLICATE_OR_UNSELECTED_ARCHIVE_MEMBER_NO_PUBLIC_IMPORT
5cef1bd64abe7ab9462b4a233b4cb0482358538e3ebc2037a1da8e99b8fe67f5,1,2387,PRIVATE_OR_DUPLICATE_OR_UNSELECTED_ARCHIVE_MEMBER_NO_PUBLIC_IMPORT
5d6070308bff6f026ef8df51cf2dae795ad3e29dff8c272f11db052e3db3e964,4,3078,EXACT_PUBLIC_BYTES_PRESENT
5dc7ab1acfe8866d98f535bb82fa1af5f0ccf121e181ed4a10760b7eb3fdd6f8,1,1518,PRIVATE_OR_DUPLICATE_OR_UNSELECTED_ARCHIVE_MEMBER_NO_PUBLIC_IMPORT
5dcd61b1794f79051daacbf8403d12cdd98534dc3f2be975afefb936ddb79633,1,1705,PRIVATE_OR_DUPLICATE_OR_UNSELECTED_ARCHIVE_MEMBER_NO_PUBLIC_IMPORT
5ebe084ca59c3ac40e8986a288d8ef69d6049703b3d5ae442b5af406d7a1fe68,2,5965,PUBLIC_HASH_RECEIPTED_NO_DUPLICATE_IMPORT
5eeeb319d6ce34f385e544bbfd3c0cb23ef402adf1046063a309f6577ea4d136,1,1269,PRIVATE_OR_DUPLICATE_OR_UNSELECTED_ARCHIVE_MEMBER_NO_PUBLIC_IMPORT
6094bac56ddfcf916cc39374fbf31c6def134981308e0c1e4dbeabb870836b65,1,20128,EXACT_PUBLIC_BYTES_PRESENT
61d156262a972c11ea3489cb8f06cb535edef49500531ea4b4402212d056b24a,1,2489,PRIVATE_OR_DUPLICATE_OR_UNSELECTED_ARCHIVE_MEMBER_NO_PUBLIC_IMPORT
61eb8c26567585ce427b2acd934e8b39d565e49a4e9daa0f9d73e3c8b43724e3,1,1284,PUBLIC_HASH_RECEIPTED_NO_DUPLICATE_IMPORT
62803b7d2ce1a5ddc90552e9baeed76313ec67421b0c72f344a88f20c80be744,1,398,PRIVATE_OR_DUPLICATE_OR_UNSELECTED_ARCHIVE_MEMBER_NO_PUBLIC_IMPORT
62be3943ead1ef295f62e9749f3581afa674b0e0e3ff640f4804050938ab86c0,1,989,PRIVATE_OR_DUPLICATE_OR_UNSELECTED_ARCHIVE_MEMBER_NO_PUBLIC_IMPORT
63cf18b17f54f002c67bf3bb17205830bfe805e07af5bdf539fc9eb2d86a88c3,4,1606,EXACT_PUBLIC_BYTES_PRESENT
63d208b829e82632c941a4f68e9a1c9db617cf435d5f223c2fe531a4fd21e0e5,1,17079,PRIVATE_OR_DUPLICATE_OR_UNSELECTED_ARCHIVE_MEMBER_NO_PUBLIC_IMPORT
641271bb4d43349fb7d6c0253da7de1b970606e81fd307118e9a9f1f99314272,7,11104,EXACT_PUBLIC_BYTES_PRESENT
6413b9a5a15fa06267601cfa399e7f738fca8e51b12ddba0f7bec9b5109e397d,1,828,PRIVATE_OR_DUPLICATE_OR_UNSELECTED_ARCHIVE_MEMBER_NO_PUBLIC_IMPORT
644073bcd78d52479a4c2fa6d2c5d1bb897e28a7172ceae9d64bb52f28f1b5bf,2,256,EXACT_PUBLIC_BYTES_PRESENT
6461a704190bb119649105c9924011d43bd3e587ede95f0a295273a2d3cccd2e,3,1581,PUBLIC_HASH_RECEIPTED_NO_DUPLICATE_IMPORT
65ef5a30cd61ed0a9d0adba9b228afc9550df1482a8df231d63fe665b3ed0adf,1,587,PRIVATE_OR_DUPLICATE_OR_UNSELECTED_ARCHIVE_MEMBER_NO_PUBLIC_IMPORT
65f937a471b1b408a333727dd55a546014a624225b7f90466355f26dc7c8e31c,1,9246,EXACT_PUBLIC_BYTES_PRESENT
660cc27827b09860758157baeda62c8a05d3197e9a511d00311a57f2845298e8,1,19846,PRIVATE_OR_DUPLICATE_OR_UNSELECTED_ARCHIVE_MEMBER_NO_PUBLIC_IMPORT
664193936710ee4f292e53b40280def99e0d2a865ae98d257b3ed3b4fdf3d238,1,825,PRIVATE_OR_DUPLICATE_OR_UNSELECTED_ARCHIVE_MEMBER_NO_PUBLIC_IMPORT
66fcd25e5b11004da98b42f8b161292e34b3ddc2d59a8589eba079935a1dbb18,6,856,EXACT_PUBLIC_BYTES_PRESENT
6731ad5aba8fe87d41ac7e89df12a577d94af57b4641445c93ebd48f811ff1bb,4,960,EXACT_PUBLIC_BYTES_PRESENT
676d26b96ace66c76d9243f79f1757063d5ddb2d2b7afedf48b84a70a3235ae3,7,1259,EXACT_PUBLIC_BYTES_PRESENT
67b9cabd1715264e47eecbec0e6884a395ac44e0d7e0f1cbd679e94c5109123c,1,864,PUBLIC_HASH_RECEIPTED_NO_DUPLICATE_IMPORT
69d9312807713b555e3473089b8d79ae9b0fea88ec0b373c2e352812d831ad66,1,2435,EXACT_PUBLIC_BYTES_PRESENT
69fac21900078887406d78594d9b093d1166ba357e413bf0f12d6a156fc5da77,4,3988,EXACT_PUBLIC_BYTES_PRESENT
6afecfb0102d7d7f2e36c96a9e3f321a37a444a18e015189184a0f452505700b,1,1714,EXACT_PUBLIC_BYTES_PRESENT
6c71d9d118d43baa294abf3ff9ad7b2967c32203548cd9ab5a655055463d5410,1,1101,PRIVATE_OR_DUPLICATE_OR_UNSELECTED_ARCHIVE_MEMBER_NO_PUBLIC_IMPORT
6c800c9e3f5d0611a4ff9578ec101ed96a5c8f87790329208a143272e6280ac6,1,1081,PRIVATE_OR_DUPLICATE_OR_UNSELECTED_ARCHIVE_MEMBER_NO_PUBLIC_IMPORT
6d078b066fb87dc66a52843796a72bf7bc174d366a33642932ccf606eac26256,1,1477,PRIVATE_OR_DUPLICATE_OR_UNSELECTED_ARCHIVE_MEMBER_NO_PUBLIC_IMPORT
6e47a59243a86dc3328a9f01f7787170ad5338ea1e427500fdff655ce2d81b75,1,828,PRIVATE_OR_DUPLICATE_OR_UNSELECTED_ARCHIVE_MEMBER_NO_PUBLIC_IMPORT
6e7c5aa95d579ea95cfbd4336e546b9c26ccde944cbd5caca283dd4a30a16fe2,1,570,PRIVATE_OR_DUPLICATE_OR_UNSELECTED_ARCHIVE_MEMBER_NO_PUBLIC_IMPORT
6ed53fe1e8d146d7d26bd5cddc77e69ae38ebc1e6351a5f7dd25882b0c3a434d,1,737,PUBLIC_HASH_RECEIPTED_NO_DUPLICATE_IMPORT
7000fdb25ccf3b3de6f14918f2e055ac2aad163a75a068498283af9a4d68c376,2,11654,EXACT_PUBLIC_BYTES_PRESENT
700de032ab577e3b8930804a65ad4bc3e782fd01169eb3d7e8117defc6dff19f,4,12841,EXACT_PUBLIC_BYTES_PRESENT
7084bea7feeba343e9fde678775bd0ad02a637cc6bc8ee7eac75b89b964d8416,10,2644,EXACT_PUBLIC_BYTES_PRESENT
70fe469239241b1a4fbcb12f8f8328145e51641aca0d8521b861250fb6a78174,1,112347,EXACT_PUBLIC_BYTES_PRESENT
711628191ce852abf2570476a5b2a700ce519c1ca8e77f98895d150d5a3f2969,1,1207,EXACT_PUBLIC_BYTES_PRESENT
7253e67599b218d7c99f472232628ecdcb77aeb8f25433a021f41dac1e02e742,1,4731,PUBLIC_HASH_RECEIPTED_NO_DUPLICATE_IMPORT
729dc63b47a8956850e74759feac7ffe0a4260b67619bba1afe1977048ee99a7,6,1712,EXACT_PUBLIC_BYTES_PRESENT
72b19513573500693c585807e059ce04913fe48b0e412b33e4ae7afeae7f9d05,6,635,EXACT_PUBLIC_BYTES_PRESENT
7376567ddc4111a8c39df249224d0bdf8cc01d14aa26e1b52538e6ab50c54fed,6,7345,EXACT_PUBLIC_BYTES_PRESENT
739e8a918b403161249375b2159ce9a858676e9fda6df024252a0671abc4fd0f,3,9811,PUBLIC_HASH_RECEIPTED_NO_DUPLICATE_IMPORT
73a6cf8528fd79e46c8e2b01b99c4f1839ab1431f4cf73b78ac3d95e9874cd23,1,151,EXACT_PUBLIC_BYTES_PRESENT
73f13ee17c3d2c3ef46b417621f6535e0763107569404526c7654115dff9ff6e,1,1244,PRIVATE_OR_DUPLICATE_OR_UNSELECTED_ARCHIVE_MEMBER_NO_PUBLIC_IMPORT
7415a2bd69412ff0aaf12a0bff0573bde2e4ec8200773207f50eca6ac36dd7e2,1,1077,PRIVATE_OR_DUPLICATE_OR_UNSELECTED_ARCHIVE_MEMBER_NO_PUBLIC_IMPORT
74773e3355277152a3756600d528d45d8236e071c53c90fc23de0ce910573c8f,1,382,PRIVATE_OR_DUPLICATE_OR_UNSELECTED_ARCHIVE_MEMBER_NO_PUBLIC_IMPORT
74ca828d59776f1572c70345bf6cae925c404e532bb942c0c5e05c0d65469ee2,1,1492,PRIVATE_OR_DUPLICATE_OR_UNSELECTED_ARCHIVE_MEMBER_NO_PUBLIC_IMPORT
753f2bab6a95f95f3cf28bcde70774a22951bec5c3353280169905c9747b0b3f,1,569,PRIVATE_OR_DUPLICATE_OR_UNSELECTED_ARCHIVE_MEMBER_NO_PUBLIC_IMPORT
75f4ee2a1cd8bbc722fbb84427a33340f566eb12be083e2f906f726004b99827,1,30736,PRIVATE_OR_DUPLICATE_OR_UNSELECTED_ARCHIVE_MEMBER_NO_PUBLIC_IMPORT
75fe26e219dd4932d8b77db0924a2f118690aa18f5a041a351cba50fc69d9016,1,1711,PRIVATE_OR_DUPLICATE_OR_UNSELECTED_ARCHIVE_MEMBER_NO_PUBLIC_IMPORT
7618f95d56fe8315d910692718a36c69a11b3abd139d7bda343b4c960fc702ee,1,618,PRIVATE_OR_DUPLICATE_OR_UNSELECTED_ARCHIVE_MEMBER_NO_PUBLIC_IMPORT
775b62b7bb1eabafbafc4852de4030d21770fced270c0b90d9bfd70e0f37ba40,6,10234,EXACT_PUBLIC_BYTES_PRESENT
77611220b530c34e38a79791b74b918bba4caa2b02eb330848099f38dae95729,1,3109,EXACT_PUBLIC_BYTES_PRESENT
77ef2d061cf9bc60d93bca6dd695ba49d2cd7f0b497769aed03aa637e1fde8dd,1,193,PRIVATE_OR_DUPLICATE_OR_UNSELECTED_ARCHIVE_MEMBER_NO_PUBLIC_IMPORT
7855dc284e798fddc032df3368b518a9f3ef0a1c2c45822ac58c1ff6458b88cb,1,1012,PUBLIC_HASH_RECEIPTED_NO_DUPLICATE_IMPORT
78a4b12aa26f866fd18fb2af93b48ad5b4097c589c9b93ba5a40584befd6dbea,1,536,PRIVATE_OR_DUPLICATE_OR_UNSELECTED_ARCHIVE_MEMBER_NO_PUBLIC_IMPORT
7906e2251900b9d0808e4f394388a063ece24104ccf98c8831ab04f676f5d9fa,2,405,PRIVATE_OR_DUPLICATE_OR_UNSELECTED_ARCHIVE_MEMBER_NO_PUBLIC_IMPORT
79f1a962b28004e5e27cefa5580d76fe0883a2d4c2b30649f54ad8a534fcb1a1,1,1450,PRIVATE_OR_DUPLICATE_OR_UNSELECTED_ARCHIVE_MEMBER_NO_PUBLIC_IMPORT
7a00fba06e2b73062fbd11f3cd1b816ea676361bf64bb001a0f8d72267f7a686,1,1466,EXACT_PUBLIC_BYTES_PRESENT
7b54e99156c7cd3e2019671f6e88ba39a97af0c083d09642496bc19bbbcd1927,1,18163,EXACT_PUBLIC_BYTES_PRESENT
7c4219ba4a9b5d50cd2907de3e533baf731a209a987c2c321e03d5387a83f2ef,1,660,PRIVATE_OR_DUPLICATE_OR_UNSELECTED_ARCHIVE_MEMBER_NO_PUBLIC_IMPORT
7c64cecbbc277b33ada62e68c3d4597c5a0f9d2126eccb374118ce7d76939d9e,1,1752,PRIVATE_OR_DUPLICATE_OR_UNSELECTED_ARCHIVE_MEMBER_NO_PUBLIC_IMPORT
7c7e57afd5100377742a350089182d79684687739c175de808728ba906937bdf,1,340,PRIVATE_OR_DUPLICATE_OR_UNSELECTED_ARCHIVE_MEMBER_NO_PUBLIC_IMPORT
7d527546a89e5774bd45d59eb60ce3eb3c79c8c6136d712fecc544b9ace77672,1,17293,EXACT_PUBLIC_BYTES_PRESENT
7d5e8f93cc3210a0f59a6c8a6be970f3b76108d3376c2f636a7e65976a6a774a,1,1149,PRIVATE_OR_DUPLICATE_OR_UNSELECTED_ARCHIVE_MEMBER_NO_PUBLIC_IMPORT
7d804a0b513f140a78dafa6c954e5e00f4e81b5772cc620035f60270a10533dd,1,1012,PRIVATE_OR_DUPLICATE_OR_UNSELECTED_ARCHIVE_MEMBER_NO_PUBLIC_IMPORT
7dcde76092dd8c35f51c44ede930c9f21c1867c7eb05abd083c31f53d8ae52db,1,42102,EXACT_PUBLIC_BYTES_PRESENT
7e3b6c2de058a44f36001bb0c485dc2541eb4c332184d7fe01706a758f9f677e,6,1404,EXACT_PUBLIC_BYTES_PRESENT
7f35033f959e2b04f6fceef9030be9651cdfb5b016813bfbc6c953480e88a3d7,1,2267,PRIVATE_OR_DUPLICATE_OR_UNSELECTED_ARCHIVE_MEMBER_NO_PUBLIC_IMPORT
804e69fac8eba353410f587d8dbaff13fdcb397f079c53ae43b341acc4d7f65f,1,1179,PRIVATE_OR_DUPLICATE_OR_UNSELECTED_ARCHIVE_MEMBER_NO_PUBLIC_IMPORT
809cd15c9eade18e87c07da8a9b012a46095ffc6ad1b8dc8cbc4a7dabaf66944,7,3728,EXACT_PUBLIC_BYTES_PRESENT
81eb8b88cddb622efb616ae20101329226e6be9d83b82714926c3d21a84e712d,1,1084,PRIVATE_OR_DUPLICATE_OR_UNSELECTED_ARCHIVE_MEMBER_NO_PUBLIC_IMPORT
81f36961dfcb4479bd0bcc996520e5c04f32c8a91e4cd82260939bc68880f543,1,20122,EXACT_PUBLIC_BYTES_PRESENT
82278a167804f1995e59572fa97c468d55cab9db3915844dbb37695a851e5bcd,1,2395,PRIVATE_OR_DUPLICATE_OR_UNSELECTED_ARCHIVE_MEMBER_NO_PUBLIC_IMPORT
8339cfdf2e8384b135c642c40c5d65156ebec33d902d08d5e302b7ce92dad18b,1,2872,PRIVATE_OR_DUPLICATE_OR_UNSELECTED_ARCHIVE_MEMBER_NO_PUBLIC_IMPORT
837145dbe244af5233a13e6aa7286563af76a0e22f34734af37c8df5be3e4058,1,1178,PRIVATE_OR_DUPLICATE_OR_UNSELECTED_ARCHIVE_MEMBER_NO_PUBLIC_IMPORT
83c18434ba4ac3211f5cf820666bf02b1f86a9f6c3efcf12a80f3f5f6487d746,1,722,EXACT_PUBLIC_BYTES_PRESENT
841ce7fa161a15605ef5315c0655758296d99456aa59b3b28d604192c8415c55,7,846,EXACT_PUBLIC_BYTES_PRESENT
848f9843c0f4fade60049167c4ff095cb43923038b86beaec5d59baf4c3fe147,1,2783,PRIVATE_OR_DUPLICATE_OR_UNSELECTED_ARCHIVE_MEMBER_NO_PUBLIC_IMPORT
84940c0ff953d86a75e0e937e6802945e70777e494df5e4a7fb22916c8cb9c22,2,1328,EXACT_PUBLIC_BYTES_PRESENT
84980642f29a4d5afb20e7955e7206476733e7e297630376d66ac5b5227f8a2c,1,39449,PUBLIC_HASH_RECEIPTED_NO_DUPLICATE_IMPORT
84a02cb4f991be940598129f880e7718d151a3ca12c6643371473c98c5b0ef7d,1,577,PRIVATE_OR_DUPLICATE_OR_UNSELECTED_ARCHIVE_MEMBER_NO_PUBLIC_IMPORT
84c16f107493559d72499df6492a9aeb9f63956f9bffac16b649de1c27face61,4,748,EXACT_PUBLIC_BYTES_PRESENT
859d3e66dc4b52fe22993d6a2ec3ed0dfd1ab07fd3416a4a7d566eb34568e390,1,2064,PRIVATE_OR_DUPLICATE_OR_UNSELECTED_ARCHIVE_MEMBER_NO_PUBLIC_IMPORT
8756460aea6fee76e16e5b976154b412dbef3b48eacf78dce60f55532595f2bb,1,1401,PRIVATE_OR_DUPLICATE_OR_UNSELECTED_ARCHIVE_MEMBER_NO_PUBLIC_IMPORT
875a5979bb3fca1b23642714523d10e44abf0b9a8c9b6fe4a23237e5fea5d252,1,12337,PRIVATE_OR_DUPLICATE_OR_UNSELECTED_ARCHIVE_MEMBER_NO_PUBLIC_IMPORT
875f9dab773300149f4dbc7de2b2a87cdef82b7a0b535e25fc063638fc378184,1,456,PRIVATE_OR_DUPLICATE_OR_UNSELECTED_ARCHIVE_MEMBER_NO_PUBLIC_IMPORT
87857bd3778c95b2ae32d9e9476f916ea4245e93d3d8dd5cf8c49bcc0ad5837f,2,456,PRIVATE_OR_DUPLICATE_OR_UNSELECTED_ARCHIVE_MEMBER_NO_PUBLIC_IMPORT
879681edd0f28a35ba9bd87f049ad60c10ea5369474fb8bf2d092de88251299c,6,14916,EXACT_PUBLIC_BYTES_PRESENT
87f36411c2563efc9f786f8a44b0402e592dcb8aa86f72b06ccbf07c463586cd,1,14298,PRIVATE_OR_DUPLICATE_OR_UNSELECTED_ARCHIVE_MEMBER_NO_PUBLIC_IMPORT
8986826513f29a6397a63c90caa13c7887b557eaa2d81815157dfb9291d516c6,1,30162,PUBLIC_HASH_RECEIPTED_NO_DUPLICATE_IMPORT
8a71ee2e479b948a51e0058bb0f83a6e7326e3fd20ce73eaddfb1f4d9b4f4b05,1,1175,PRIVATE_OR_DUPLICATE_OR_UNSELECTED_ARCHIVE_MEMBER_NO_PUBLIC_IMPORT
8ac70a7a1372eb33df578b3ed9ddb7aaf9d34da12f4915571e392af44b68f201,1,650,PRIVATE_OR_DUPLICATE_OR_UNSELECTED_ARCHIVE_MEMBER_NO_PUBLIC_IMPORT
8b0459d1d2c428c996b48ba4c6d5c028805befa82adcb5fc2e5f88515b0ff4be,1,424,PRIVATE_OR_DUPLICATE_OR_UNSELECTED_ARCHIVE_MEMBER_NO_PUBLIC_IMPORT
8b51f4a0c3c0dd939072f55e3500ea384e5b7946ef710a894d4e9bf7c1f088f6,1,2226,PRIVATE_OR_DUPLICATE_OR_UNSELECTED_ARCHIVE_MEMBER_NO_PUBLIC_IMPORT
8bc60eefda6d55a02326b007868a96d435c99d9745aa71b590bff27bb36d6a32,1,370,PRIVATE_OR_DUPLICATE_OR_UNSELECTED_ARCHIVE_MEMBER_NO_PUBLIC_IMPORT
8cc4d7b811867c326cf081ef1f68c2847197ff9a6f6fbbe2d11bf8f3968b3b4b,1,1295,PRIVATE_OR_DUPLICATE_OR_UNSELECTED_ARCHIVE_MEMBER_NO_PUBLIC_IMPORT
8d99b030b11f24bdb8ef083127af80b565dfca91eb67346f990949e9c31146f0,1,373,PRIVATE_OR_DUPLICATE_OR_UNSELECTED_ARCHIVE_MEMBER_NO_PUBLIC_IMPORT
8dd12a5bf697f3da63b3a01ed11b988ebc71ad890c73f0bd080c05bfce23cb40,2,1284,PUBLIC_HASH_RECEIPTED_NO_DUPLICATE_IMPORT
8e21ce6b70bc883a3fde9e9971d02cea40d4326c02e6e6badf96dda4eec37f88,1,4389,PRIVATE_OR_DUPLICATE_OR_UNSELECTED_ARCHIVE_MEMBER_NO_PUBLIC_IMPORT
8e26ada4c5c1d352d09e5051765aa489bb94a2c7de2d5fbcb40aea7d31dac110,2,2318,EXACT_PUBLIC_BYTES_PRESENT
8e3734a2fba842b49bc822a0d0df6dd5e4e0f2bc7d8f0b5878a1a65cfee497f7,3,451,EXACT_PUBLIC_BYTES_PRESENT
8e51385c1b006df6e67de5a4e5c7fcf5c735d6a8c151cadc556f31404b69d3c4,1,1059,PRIVATE_OR_DUPLICATE_OR_UNSELECTED_ARCHIVE_MEMBER_NO_PUBLIC_IMPORT
8e81ae1b595e3b2ff93258fa7f12f15860efd2958deca65cd7b6dbcb8fd9ae46,1,1801,PRIVATE_OR_DUPLICATE_OR_UNSELECTED_ARCHIVE_MEMBER_NO_PUBLIC_IMPORT
8fad900d4495eada296244114a237f6f7a7e6543725d5effd038d0e3db16c4a2,1,1466,PRIVATE_OR_DUPLICATE_OR_UNSELECTED_ARCHIVE_MEMBER_NO_PUBLIC_IMPORT
90e0bb2c6eacc322dad21df291fcdc9c5ef0fb7c6f01def3b5f56e7fe46183d7,2,521,EXACT_PUBLIC_BYTES_PRESENT
91428ad13e403c90fae5158348aec5fc671d199fce780815ff8ea8aa0295737c,1,450,PRIVATE_OR_DUPLICATE_OR_UNSELECTED_ARCHIVE_MEMBER_NO_PUBLIC_IMPORT
914737a9314fd9a120462f713a24a915486e571d2109883fb526d5aee2734d5d,1,1009,PRIVATE_OR_DUPLICATE_OR_UNSELECTED_ARCHIVE_MEMBER_NO_PUBLIC_IMPORT
914c6f363c6fc76521125ffb2e3d42e229ba308b7305b857f33540e409c20ddd,1,339,PRIVATE_OR_DUPLICATE_OR_UNSELECTED_ARCHIVE_MEMBER_NO_PUBLIC_IMPORT
917f1e5cee2f42fc1d7784a1d038c3dc6ad2b6fa885a3c9100229e2ad0d68bdf,2,1070,EXACT_PUBLIC_BYTES_PRESENT
923ca47ef7822ccd0cefcc8a34abfa4f1fe276444d0d07e85a6783aba9138f02,7,9042,EXACT_PUBLIC_BYTES_PRESENT
9293ed1f5a38e26ec9eb8460109cc8d934a987188c6805c609dc62de0f9d53c0,1,3223,PRIVATE_OR_DUPLICATE_OR_UNSELECTED_ARCHIVE_MEMBER_NO_PUBLIC_IMPORT
92c36806c7b9d6d16435305dee7979278cf3efa277b1a07eb0d91371e2c41412,1,537,PRIVATE_OR_DUPLICATE_OR_UNSELECTED_ARCHIVE_MEMBER_NO_PUBLIC_IMPORT
936d44f54b93cf685365b26a19cc8fbe1ee70fddb233718bb217b016a79d1e68,1,87517,PRIVATE_OR_DUPLICATE_OR_UNSELECTED_ARCHIVE_MEMBER_NO_PUBLIC_IMPORT
93c6c3eae0dfb8fe18ef80a2d08c0eeedff753f4bc86b2977e54f5e7a8f23893,1,495,PRIVATE_OR_DUPLICATE_OR_UNSELECTED_ARCHIVE_MEMBER_NO_PUBLIC_IMPORT
9489c58c297831bb9b8e4e5c238b3535b6650970de8874bc6a3273f0ba4b3b03,2,1737,EXACT_PUBLIC_BYTES_PRESENT
94bd0c541b061234783d6bfb22e98dce9c9daae10b7d623a3f7768bc4c2a7e07,1,5935,PRIVATE_OR_DUPLICATE_OR_UNSELECTED_ARCHIVE_MEMBER_NO_PUBLIC_IMPORT
95c2e358dca55c720c944525ea742221107e65eee94bded1046715c10f5652ee,1,8740,PRIVATE_OR_DUPLICATE_OR_UNSELECTED_ARCHIVE_MEMBER_NO_PUBLIC_IMPORT
95d2ac63d14d75c790477b0311459fbdcee4338045287db27282d34a8d75a37c,4,3803,EXACT_PUBLIC_BYTES_PRESENT
960f3a037a2a87613f2d847211056f306d3031cfd5dd1351c5766994ffdd8078,1,678,EXACT_PUBLIC_BYTES_PRESENT
96410f402f48498b9f6129e0bfa1832e8dbe79f2db8c6f96426313547331fb11,1,5201,EXACT_PUBLIC_BYTES_PRESENT
9789cf7cc81cd6d5a9d3bf12c8958034743017321bd9db2dfa78993794715905,6,2218,EXACT_PUBLIC_BYTES_PRESENT
98b451468eaa225b1f23427c70007bd7a92ceab4fa1440afce0637248d833a9e,1,4091,PUBLIC_HASH_RECEIPTED_NO_DUPLICATE_IMPORT
9a6215ed6f4e90b45afa5f44403179492a001eefa5f23fdbe3ec84247d9900df,1,2054,PRIVATE_OR_DUPLICATE_OR_UNSELECTED_ARCHIVE_MEMBER_NO_PUBLIC_IMPORT
9aceeb97ddc043b89440a4572d882c6938bc6e28972c370877097bc9fc88cf10,1,7210,PUBLIC_HASH_RECEIPTED_NO_DUPLICATE_IMPORT
9afc6fcc62e6bc9246a1b97b61d45d0323d8c2c4c4e0b7c027da399a74937e02,2,2267,PRIVATE_OR_DUPLICATE_OR_UNSELECTED_ARCHIVE_MEMBER_NO_PUBLIC_IMPORT
9b1bdac28f67f862ab8e476e06bb8ab72efea1d2aab340abd2d212906464bafb,2,11278,EXACT_PUBLIC_BYTES_PRESENT
9b7b227bbe31dbcf0a5db6114c1e8073f98da188b604c4788571dfbbf9373b7e,4,1660,EXACT_PUBLIC_BYTES_PRESENT
9bf152792036896a6e158a2792ff6cea4a16a757fba3b58012d7b9f4d6160dba,1,970,PRIVATE_OR_DUPLICATE_OR_UNSELECTED_ARCHIVE_MEMBER_NO_PUBLIC_IMPORT
9c636882c40510d79920b716011b62aa9e6790e3ca6df6fa3b29ebbe11b1359d,1,14739,PUBLIC_HASH_RECEIPTED_NO_DUPLICATE_IMPORT
9cbed9f0ddff9c97f45ae7155e6025e08edf28da3e9284534e63f547d12dc683,7,3759,EXACT_PUBLIC_BYTES_PRESENT
9db92fdd29d82bfd452fafc3052fa736bdbb5e5d32f9be63e83ad5e659151346,1,13975,PRIVATE_OR_DUPLICATE_OR_UNSELECTED_ARCHIVE_MEMBER_NO_PUBLIC_IMPORT
9de6025b339c0faf4ede149d1799bc471929587bd936d6adb8f3287c2466293e,1,32039,PRIVATE_OR_DUPLICATE_OR_UNSELECTED_ARCHIVE_MEMBER_NO_PUBLIC_IMPORT
9e520b987e9f45edeb67c9934156f43cac26436d2529e54cda45bed674f5aea2,1,516,EXACT_PUBLIC_BYTES_PRESENT
9ea9e662e808f02b9c00a8a86b846aa574b2fdf23a35b979806d7e90b6f45f4e,2,4959,EXACT_PUBLIC_BYTES_PRESENT
9fb7ebf2485bdae6226f8944e2ec580cb2b09824f59df94b8cdb5d75ca2298fe,3,42366,PRIVATE_OR_DUPLICATE_OR_UNSELECTED_ARCHIVE_MEMBER_NO_PUBLIC_IMPORT
9feec904331204119215ee38eae7442cd04211b54af83cb951be9988b11e8d6e,2,5018,EXACT_PUBLIC_BYTES_PRESENT
a0ec4f114c5892715bc1277020cdfab8e1e8b2462d50f2831a1bd5995da463b0,1,243839,EXACT_PUBLIC_BYTES_PRESENT
a1d44ddd701364e9ccc1e123a8d0e3228fb8ca1b4357820ca685bd99956736ff,4,2623,EXACT_PUBLIC_BYTES_PRESENT
a245d020efc4762aa8023fc98a43f3acbf5a16bd2aab4cd5c3012e024fd8df2f,1,6376,EXACT_PUBLIC_BYTES_PRESENT
a281b947794c0977a217fabbdbfafb79b2d7f8854ec1e3f39e586ea73e6fbf52,3,18598,PUBLIC_HASH_RECEIPTED_NO_DUPLICATE_IMPORT
a52fcc7e858db20eeae966d656efc84aa58f5bf63ba7f132f002a174a3838533,9,4366,EXACT_PUBLIC_BYTES_PRESENT
a694e640b5123a4a5b92b88b9d26951441d1e6e20a8ac3e12f87710cafacc7d8,2,537,EXACT_PUBLIC_BYTES_PRESENT
a6d1edb766b6d290b8320fe643eca08be76ec7035f47bedcbf0ff9e5aab6afbf,1,1980,PRIVATE_OR_DUPLICATE_OR_UNSELECTED_ARCHIVE_MEMBER_NO_PUBLIC_IMPORT
a6eb00842e017877e2b48063832e6776733729174aa5711d3300d72356b6f779,2,2640,EXACT_PUBLIC_BYTES_PRESENT
a702d10cc83705f1028b879adfcff6de754bef4d6616ccc4942a10239a16f4a4,1,360,PRIVATE_OR_DUPLICATE_OR_UNSELECTED_ARCHIVE_MEMBER_NO_PUBLIC_IMPORT
a8659d4265db0463916a9e364d976adcf9a3c40f77235cf7266ef1d82ec3e60d,1,2723,EXACT_PUBLIC_BYTES_PRESENT
a92dcf7af41c0893d4b4996d6a54d38ee43b59867861c8675179dc920f8c9fb1,6,4835,EXACT_PUBLIC_BYTES_PRESENT
a962dfeea184992320ec54a251026318384007f219307f88f8713765242e10cd,1,23871,PRIVATE_OR_DUPLICATE_OR_UNSELECTED_ARCHIVE_MEMBER_NO_PUBLIC_IMPORT
a9b40311a34e60cd13370f29a31f405ad312c3a2ee738665d0c821e0d5b1897a,2,1708,PUBLIC_HASH_RECEIPTED_NO_DUPLICATE_IMPORT
a9efdbbfffe187952c16305c52588e407f2cfef5ba66480ee7760b259203ba6b,1,43932,PRIVATE_OR_DUPLICATE_OR_UNSELECTED_ARCHIVE_MEMBER_NO_PUBLIC_IMPORT
aa0a3fa592e4716fe6722fc23320d7a6f11cf8fb7bba22e6b99fee84498a1a9f,1,1683,PRIVATE_OR_DUPLICATE_OR_UNSELECTED_ARCHIVE_MEMBER_NO_PUBLIC_IMPORT
aa8cb5a7278dec9ac060643223c3af5cac4ad86fa0ed252b19dda232979f1f7d,1,381,PRIVATE_OR_DUPLICATE_OR_UNSELECTED_ARCHIVE_MEMBER_NO_PUBLIC_IMPORT
ab5b352b63ea8d3f5dcc9d0b7baa22ccda9e84155bbec78b6eb73d0504d4b144,1,220168,EXACT_PUBLIC_BYTES_PRESENT
abae17ed6e22ef0e16c480cf9165b3798ab16c03ffebb4e81872e15a9f4e3bde,1,7473,EXACT_PUBLIC_BYTES_PRESENT
abc5a5c5692ff03f6a751f91e1ae6a20e9b2fba790463a3a882c3151bbe62235,1,977,PRIVATE_OR_DUPLICATE_OR_UNSELECTED_ARCHIVE_MEMBER_NO_PUBLIC_IMPORT
ac53e6532c2fad19273cb2bbfb91cb61071d16016dd9e005bc986f98f4d96923,2,4062,EXACT_PUBLIC_BYTES_PRESENT
ac77d845c53c50bf9a7efc7e4075ea139c8c921fe4b6c093a84d293f60d403b2,1,1054,PRIVATE_OR_DUPLICATE_OR_UNSELECTED_ARCHIVE_MEMBER_NO_PUBLIC_IMPORT
adb6e19efa744b081f04130e9903a55f418c9c45c6b7734702f60c254e454023,1,45157,EXACT_PUBLIC_BYTES_PRESENT
add8cdf4f4b4e26213d7773800a346c8646704b225e7da39984c1b8ba6b00460,1,1395,EXACT_PUBLIC_BYTES_PRESENT
ae3aaaae0210c5917b53671d05d05a76eac3ab3172a55ab83edeb15945cdc55b,3,345,EXACT_PUBLIC_BYTES_PRESENT
ae7379e0aa896623897a9aecf7bd09d1bad79d885de9f6e9d5dc1aee58fda65f,2,3752,EXACT_PUBLIC_BYTES_PRESENT
af21f49918d83c59bcb0473154271c4058ecdf32f3c0a1002ee39492da0195e1,1,1071,PRIVATE_OR_DUPLICATE_OR_UNSELECTED_ARCHIVE_MEMBER_NO_PUBLIC_IMPORT
af3bd9c881e7c94ffc51afcda9a0a0cdaf82fd0df5186074da9d17e62f8d2fd7,3,5246,PUBLIC_HASH_RECEIPTED_NO_DUPLICATE_IMPORT
afb0ae8e72676efe0ad0a8205a24527cdc8cf1c7e2dfe302bd33f333806fa2ca,1,98302,EXACT_PUBLIC_BYTES_PRESENT
afc32cc62533319df9a363abfe56bdb315afd209c3b2743af089811e0bf9a2ff,1,869,PRIVATE_OR_DUPLICATE_OR_UNSELECTED_ARCHIVE_MEMBER_NO_PUBLIC_IMPORT
b0ccdee62ef7ed5a5631bfe92ecf751eb1d9d6d10bbbe216dc68cdff73b1e057,3,2176,PRIVATE_OR_DUPLICATE_OR_UNSELECTED_ARCHIVE_MEMBER_NO_PUBLIC_IMPORT
b197448b621ff7b54f2be5bd6e1d527ef8e22b8e1dc53a73be0980dc065a0642,1,384,PRIVATE_OR_DUPLICATE_OR_UNSELECTED_ARCHIVE_MEMBER_NO_PUBLIC_IMPORT
b1ff0ae90c0a804f5a7807da624aac0d3d7d2e139fa7aba6879c2ba55a097b42,1,251,PUBLIC_HASH_RECEIPTED_NO_DUPLICATE_IMPORT
b2bc32573ca5190336714d1acd6c06cd6a880bdb2197233d1cd67ab12402dd2e,1,383,PRIVATE_OR_DUPLICATE_OR_UNSELECTED_ARCHIVE_MEMBER_NO_PUBLIC_IMPORT
b31ad6f1a708bfc1a19383eb8d3b5d3ee8b294e8b1d16bdb65b7015a5abf6ed6,1,31192,PRIVATE_OR_DUPLICATE_OR_UNSELECTED_ARCHIVE_MEMBER_NO_PUBLIC_IMPORT
b40ce0bc289c8b50a9518c5d33157cebe6eb92161b0fbf863479f2463a870f53,1,68,EXACT_PUBLIC_BYTES_PRESENT
b4b1b05ad6e318cd8522efb34c479ec0ef0ca53dabc88b20226e62fa1621dd7a,1,19448,PRIVATE_OR_DUPLICATE_OR_UNSELECTED_ARCHIVE_MEMBER_NO_PUBLIC_IMPORT
b4e45dc3bd7d0fd4068507aa06e2719ba311b3e19ba328f4093b80fdb93fd50b,1,526,PRIVATE_OR_DUPLICATE_OR_UNSELECTED_ARCHIVE_MEMBER_NO_PUBLIC_IMPORT
b4f46cc9e4e6359903f0d64ba5f49e28da2a83b0af9330e3984c365eeacb22f6,1,12519,PRIVATE_OR_DUPLICATE_OR_UNSELECTED_ARCHIVE_MEMBER_NO_PUBLIC_IMPORT
b55f1769086a430fc1cfea86e0e3a72c75ca344376547979a50591edda1989ce,1,1629,PRIVATE_OR_DUPLICATE_OR_UNSELECTED_ARCHIVE_MEMBER_NO_PUBLIC_IMPORT
b5abfb989b0accb0ef5d814dfb803e509f8439d129a9dd4bba828854bcb3bedd,1,588,PRIVATE_OR_DUPLICATE_OR_UNSELECTED_ARCHIVE_MEMBER_NO_PUBLIC_IMPORT
b64e35a8d4d1aadce4173a3f481c3e4c2d50fe8cacb9d2c66334284e00bd3e25,1,5019,EXACT_PUBLIC_BYTES_PRESENT
b67353b9709d988f1028dca6ac6a8ead617c1ad50d1a8f1496ee1284d1193b1c,1,7175,PRIVATE_OR_DUPLICATE_OR_UNSELECTED_ARCHIVE_MEMBER_NO_PUBLIC_IMPORT
b6e95aa6338170434228fc69a6c5721d42ba98da38a01f9355d18ef0d3c82885,3,21806,EXACT_PUBLIC_BYTES_PRESENT
b775d5eb599717fe40be1f423a1e6cfc968c68e1ca49543e0ddb9a73972663c2,1,32829,PRIVATE_OR_DUPLICATE_OR_UNSELECTED_ARCHIVE_MEMBER_NO_PUBLIC_IMPORT
b7b72e676f474e3f8dc3f0e870e67454c04612380e658d1fda944f1e9dda2d9d,3,10751,PUBLIC_HASH_RECEIPTED_NO_DUPLICATE_IMPORT
b8bd603c1647ce53ac2080550003f90b2f31e557ac8671b159812d35d629a5c1,1,582,PRIVATE_OR_DUPLICATE_OR_UNSELECTED_ARCHIVE_MEMBER_NO_PUBLIC_IMPORT
b8d42a4d12b553e00c23bb85f681a96c68e312b9204df1fce691d4936d53b0ea,3,1586,EXACT_PUBLIC_BYTES_PRESENT
b92ab27d6444ce47f7d216a3a44043d12955fac8b4e737f4115570050fc1ff78,2,411,PRIVATE_OR_DUPLICATE_OR_UNSELECTED_ARCHIVE_MEMBER_NO_PUBLIC_IMPORT
b92ef79a209809cb8aee794773757258d6ff1f55c4ec38fc475fcb5481cdc879,3,872,EXACT_PUBLIC_BYTES_PRESENT
b9a5a7608a7498768ad27083b24229a84781bef0b4623fd1419a4af16a77024a,1,790,PUBLIC_HASH_RECEIPTED_NO_DUPLICATE_IMPORT
b9e1cf458a4a050205adb596505ba8b7c271ccb0841b832f6c68df0fe096dea6,1,763,PUBLIC_HASH_RECEIPTED_NO_DUPLICATE_IMPORT
bc08b1adc1322d9d44a8d9f2305d4c127ac235455cffeaf053ea50bac840ece8,2,1936,EXACT_PUBLIC_BYTES_PRESENT
bc5f344c464ab33defd9301cf3115d98eff3ed1fd7bb83a1c6d1f7f2c07fe6de,1,2392,PUBLIC_HASH_RECEIPTED_NO_DUPLICATE_IMPORT
bcd7bef9e67edf554eb79614514d2a10a706c256a2a03ebc4169e6c365cfafd2,1,118,PUBLIC_HASH_RECEIPTED_NO_DUPLICATE_IMPORT
bd39a44832e9a35dee86016e949002741bb1e6e5498241bdea2c9bb626677222,1,124875,PRIVATE_OR_DUPLICATE_OR_UNSELECTED_ARCHIVE_MEMBER_NO_PUBLIC_IMPORT
bd5c08bf7fc65890cac4b06c724a66b2dfaf9f8572e1daf3a40b4bae5291c1a7,6,5953,EXACT_PUBLIC_BYTES_PRESENT
bd6a31056d342da05090102315fd357d3b9ebc84b1b78c8aa3e3bc52fec92dbc,1,9925,PUBLIC_HASH_RECEIPTED_NO_DUPLICATE_IMPORT
bdf4044c75e643e26cea0cc44d5729c0d6a7a09ba43b739a48b7a4034c2acece,1,1008,PRIVATE_OR_DUPLICATE_OR_UNSELECTED_ARCHIVE_MEMBER_NO_PUBLIC_IMPORT
be1aaacb0283af044e65f6efacf739788132266530ae5c651e0730e404d8165b,1,13569,PRIVATE_OR_DUPLICATE_OR_UNSELECTED_ARCHIVE_MEMBER_NO_PUBLIC_IMPORT
bea02155569ad31de21283f7144347dc383185219894d2a6e543027018e734f4,1,6029,PRIVATE_OR_DUPLICATE_OR_UNSELECTED_ARCHIVE_MEMBER_NO_PUBLIC_IMPORT
c078d0c88706d8577c532514f8902e8d1340bd4b78d6dfcc5e39a6d91e876c07,1,145,PUBLIC_HASH_RECEIPTED_NO_DUPLICATE_IMPORT
c1e5ffac8f29417ed3a5b8837669b56995fb37c169f836f37d19b89545896d50,1,1209,PRIVATE_OR_DUPLICATE_OR_UNSELECTED_ARCHIVE_MEMBER_NO_PUBLIC_IMPORT
c20f7c3ba337204103fbc08499d1e12f3a9717a9fd295960d23921f1f871c539,3,21818,PUBLIC_HASH_RECEIPTED_NO_DUPLICATE_IMPORT
c24e5d65730866b8b0f3987c01351b9c5c99c71185e2973eab40f366ea6a21a3,4,2260,EXACT_PUBLIC_BYTES_PRESENT
c30dc3eb3fb931cc97a087e4d933cd4bdaf44397effa666c938074a3003c0b9f,1,632,PRIVATE_OR_DUPLICATE_OR_UNSELECTED_ARCHIVE_MEMBER_NO_PUBLIC_IMPORT
c33cc3b030d0bae0c184c696a0b46e1e8234eb878f073db82278c9d2adfb12f9,1,1498,PRIVATE_OR_DUPLICATE_OR_UNSELECTED_ARCHIVE_MEMBER_NO_PUBLIC_IMPORT
c3df9502e1904506012d86e780749931dfdd105282f2b237fcb11911690c1470,1,387,PRIVATE_OR_DUPLICATE_OR_UNSELECTED_ARCHIVE_MEMBER_NO_PUBLIC_IMPORT
c3fa9d03a94b948a8f47a16c5327646bd5fa1e69f05f97ddf6d517e375ee11a6,7,4227,EXACT_PUBLIC_BYTES_PRESENT
c4a57b02192f768230f03df463bdf413cc250eb87403e164a18ae018b2e5185f,1,1740,PRIVATE_OR_DUPLICATE_OR_UNSELECTED_ARCHIVE_MEMBER_NO_PUBLIC_IMPORT
c54d1a7f594220524caa78e846269b50d77f10cc2c41c89f72533b93fc44d7a2,1,7483,PRIVATE_OR_DUPLICATE_OR_UNSELECTED_ARCHIVE_MEMBER_NO_PUBLIC_IMPORT
c5e615934cc2229b187077beefb96b6b2898bb410a7d955d71a2fbc88c1ce5da,4,1218,EXACT_PUBLIC_BYTES_PRESENT
c6517aeed19af0fdcbe1d0f0f510ecd4167f7175f9ee3aee8c9eee47266ce79c,1,392,PRIVATE_OR_DUPLICATE_OR_UNSELECTED_ARCHIVE_MEMBER_NO_PUBLIC_IMPORT
c74859a1302182c68156e3f9d060f7611def0ab713775d28a6cb08fffe4383cd,2,1424,EXACT_PUBLIC_BYTES_PRESENT
c7ce7db3a6119e0bd2332549856eab5304703848a2e8dfdb4edab94792af4b7b,1,823,PRIVATE_OR_DUPLICATE_OR_UNSELECTED_ARCHIVE_MEMBER_NO_PUBLIC_IMPORT
c7f64e383552f61509368e18c0eb4cfd22d10f3c9458e26e42bba99a2de28a0a,1,2932,PRIVATE_OR_DUPLICATE_OR_UNSELECTED_ARCHIVE_MEMBER_NO_PUBLIC_IMPORT
c858823d7e192a35c14dea9f3cd223e40b1d1f204a307f06f690d3cd144b679d,1,847,PRIVATE_OR_DUPLICATE_OR_UNSELECTED_ARCHIVE_MEMBER_NO_PUBLIC_IMPORT
c873f52c57b5081ee7f226cdd4aef83acf509f73bfe73d1ef4e5314b4c6fa015,6,3344,EXACT_PUBLIC_BYTES_PRESENT
c95ed47b9450f7ee932380a5d4b424aadd90e98353f02c57ca2a5deadfea1ae3,1,2168,PRIVATE_OR_DUPLICATE_OR_UNSELECTED_ARCHIVE_MEMBER_NO_PUBLIC_IMPORT
c95fd33cf9318f0c0ec62cedad869f9a05b40a1c91c55803a4da12f9adfce7cb,1,7719,PUBLIC_HASH_RECEIPTED_NO_DUPLICATE_IMPORT
caac0c5f4301f5a114d24da27f977fb4a6d97b26892dde330feef43786e1d401,1,35404,PRIVATE_OR_DUPLICATE_OR_UNSELECTED_ARCHIVE_MEMBER_NO_PUBLIC_IMPORT
cc498ad8ffd4b571850a727f409b3f500192bac50de7d0e04c51609d757a61cb,1,220137,EXACT_PUBLIC_BYTES_PRESENT
ce41cdbcf2e448bdfb23578bd9454f1bcd17216c57aa9ee85f26e799ac94d2d6,1,9796,PRIVATE_OR_DUPLICATE_OR_UNSELECTED_ARCHIVE_MEMBER_NO_PUBLIC_IMPORT
ceb17a24efa5386b60a88e7875133655ca85c5ebc87e2eb850ace5f3800d0751,1,4926,PRIVATE_OR_DUPLICATE_OR_UNSELECTED_ARCHIVE_MEMBER_NO_PUBLIC_IMPORT
cfe612f46434d494e235aea7a313c428d143f80a66cccc0fabb4d087aa6c9997,3,12232,PUBLIC_HASH_RECEIPTED_NO_DUPLICATE_IMPORT
d0832136e1594642d5f70f04d83e3061e0eeaf357afcd4a1c929477b9651d939,1,773,PRIVATE_OR_DUPLICATE_OR_UNSELECTED_ARCHIVE_MEMBER_NO_PUBLIC_IMPORT
d26f88f20dec6ab915efc9af91c56b49bfe271858c3e774a9fb6642732552cf5,7,2590,EXACT_PUBLIC_BYTES_PRESENT
d2a4d6a7a20cf32546da0b683266e7c3497aaecaa320f301b934018c3fd907a7,2,5276,EXACT_PUBLIC_BYTES_PRESENT
d2fceef53144ceeec8679fe254e6a62b3d9572443fafb586dbd980b356e54eee,1,7400,PRIVATE_OR_DUPLICATE_OR_UNSELECTED_ARCHIVE_MEMBER_NO_PUBLIC_IMPORT
d307fbcd8f9af83d0d06c3e9273a48dddaf0568a718de90eee930a6716968e5e,1,394,PRIVATE_OR_DUPLICATE_OR_UNSELECTED_ARCHIVE_MEMBER_NO_PUBLIC_IMPORT
d314cabf8bf73fa1b9cf83b64bf39325b3b39435850c5b67f67673f780bab918,1,636,PRIVATE_OR_DUPLICATE_OR_UNSELECTED_ARCHIVE_MEMBER_NO_PUBLIC_IMPORT
d3729486468b26b22c534e485af50d9850fb56a9d678b07042e4673013bde654,1,36787,PRIVATE_OR_DUPLICATE_OR_UNSELECTED_ARCHIVE_MEMBER_NO_PUBLIC_IMPORT
d3833bdce54e08d890e2f6fcd5e6607059b33607dd12d52035141a57d044bc2b,1,1855,PRIVATE_OR_DUPLICATE_OR_UNSELECTED_ARCHIVE_MEMBER_NO_PUBLIC_IMPORT
d3f235b084c187bc0c87a9796331059f828ef956c841f05f77fbb54d29164613,4,4788,EXACT_PUBLIC_BYTES_PRESENT
d4212560d9f9e43c5e28f967ea1a417e471f8f6927e4336a23a6a47c020ff828,2,719,PRIVATE_OR_DUPLICATE_OR_UNSELECTED_ARCHIVE_MEMBER_NO_PUBLIC_IMPORT
d427d5c8798760b7f3191f8d42bbb21594c71c74b366211c002417253639ed2a,1,1500,PRIVATE_OR_DUPLICATE_OR_UNSELECTED_ARCHIVE_MEMBER_NO_PUBLIC_IMPORT
d49d79ea5adf6bbccca877e93d579debab0b159d510e8eafc8a748bfd4a17e20,2,42146,PRIVATE_OR_DUPLICATE_OR_UNSELECTED_ARCHIVE_MEMBER_NO_PUBLIC_IMPORT
d4b8c26013691ee2096b1e590413c88173d5419564c2d0f7ff3697e770e529e2,1,1202,PRIVATE_OR_DUPLICATE_OR_UNSELECTED_ARCHIVE_MEMBER_NO_PUBLIC_IMPORT
d4eb3e61628eac57869ad04ee908bd14f5a35b7aab63a12e7bb0a6be2502a959,1,569,PRIVATE_OR_DUPLICATE_OR_UNSELECTED_ARCHIVE_MEMBER_NO_PUBLIC_IMPORT
d512f472773baa16dff16156c1d52ec208962700087731bf6165bd9e06736f13,1,459,PRIVATE_OR_DUPLICATE_OR_UNSELECTED_ARCHIVE_MEMBER_NO_PUBLIC_IMPORT
d89ed056216db7920d1a269ed0076b529d3f2bcf177480db73fccabd7dee0faf,1,1855,PRIVATE_OR_DUPLICATE_OR_UNSELECTED_ARCHIVE_MEMBER_NO_PUBLIC_IMPORT
d8ad42665d2471dacac888623c2f945e8f4e3277d2983a8ea9ab2a54f8e05775,1,3737,PRIVATE_OR_DUPLICATE_OR_UNSELECTED_ARCHIVE_MEMBER_NO_PUBLIC_IMPORT
d92b15c8704805ee29c895f4196f9bfa5ccffd08da903fea558a4cdd87b173ae,1,247,PUBLIC_HASH_RECEIPTED_NO_DUPLICATE_IMPORT
d9763dd5dd75e45884a898fccd50ba733caedb30db90d6ab587725fc2001ca9f,1,30958,PRIVATE_OR_DUPLICATE_OR_UNSELECTED_ARCHIVE_MEMBER_NO_PUBLIC_IMPORT
d9bcbee97d13b3d7301d76eeec30d9255d3d31d31386a6900982b993afa90183,1,6863,PRIVATE_OR_DUPLICATE_OR_UNSELECTED_ARCHIVE_MEMBER_NO_PUBLIC_IMPORT
d9db9017eb90d60e9bf9ea39042e19cd1128ea87dbd8b08fbcf152c8b1fdf2f8,1,28465,PRIVATE_OR_DUPLICATE_OR_UNSELECTED_ARCHIVE_MEMBER_NO_PUBLIC_IMPORT
da0b58ac75391c8ba4387332e5c7be3bdda578a4363f23c626d1f08e102d799f,9,2617,EXACT_PUBLIC_BYTES_PRESENT
da5224c2d8837954f523a0c5461e77972e19a1729fb880b4a27b7470d8b40215,1,2112,PRIVATE_OR_DUPLICATE_OR_UNSELECTED_ARCHIVE_MEMBER_NO_PUBLIC_IMPORT
dac24eb537f145582c42acb7c572bb041daceb286997a5f41100f14c7e309bde,1,672,PRIVATE_OR_DUPLICATE_OR_UNSELECTED_ARCHIVE_MEMBER_NO_PUBLIC_IMPORT
db93a974b4bb8541c2973bb75ec5a131c63a11153c883469f048abc5328cc6b7,1,2411,PRIVATE_OR_DUPLICATE_OR_UNSELECTED_ARCHIVE_MEMBER_NO_PUBLIC_IMPORT
dbbe6f239cb61e2e6ec72dc5739a169ef5a278b6761b7840223b90f3b8edae41,1,3898,PRIVATE_OR_DUPLICATE_OR_UNSELECTED_ARCHIVE_MEMBER_NO_PUBLIC_IMPORT
dbd719a7570c8d9f787f2d81fc95c8689a9af4a9bfbb0d694e8307b2a7f44b37,1,1094,PUBLIC_HASH_RECEIPTED_NO_DUPLICATE_IMPORT
dc1ade0c5357e06ba06287481e73cb786cec86ab86b7c679ddc67f1342dcba10,1,17680,PRIVATE_OR_DUPLICATE_OR_UNSELECTED_ARCHIVE_MEMBER_NO_PUBLIC_IMPORT
dccda862d42c7d3c8ca2037ae9ea76c9e0f5d72e8616615093ed4681ea929361,1,13575,PRIVATE_OR_DUPLICATE_OR_UNSELECTED_ARCHIVE_MEMBER_NO_PUBLIC_IMPORT
dd0b36be0f7f7792da675453d5bbb5d457750e6afb0a3e28932a455a6eb9bde4,1,6970,PRIVATE_OR_DUPLICATE_OR_UNSELECTED_ARCHIVE_MEMBER_NO_PUBLIC_IMPORT
dda22042a0106fc8e5a11a8bb9644e3fbf18b65038ae296b58ad16b42025b609,1,19102,PRIVATE_OR_DUPLICATE_OR_UNSELECTED_ARCHIVE_MEMBER_NO_PUBLIC_IMPORT
de2867d65b9a098be89edabf0cd37068232f7759ee670ddbaa0772d42425a606,1,1444,EXACT_PUBLIC_BYTES_PRESENT
df4a69881882b875e67f170b7b4c4bc6668882426f3d25366fb145a994db53f1,1,576,PRIVATE_OR_DUPLICATE_OR_UNSELECTED_ARCHIVE_MEMBER_NO_PUBLIC_IMPORT
dffd1689814dbf3cfd42e858fe6d90567b9bc60aa42eff124e5d9134e3f1da9f,1,712,PRIVATE_OR_DUPLICATE_OR_UNSELECTED_ARCHIVE_MEMBER_NO_PUBLIC_IMPORT
e0864a5e6540b905280702b2d325d95e0ad386b0857534505e7909e67e73336a,1,42283,PRIVATE_OR_DUPLICATE_OR_UNSELECTED_ARCHIVE_MEMBER_NO_PUBLIC_IMPORT
e0dadcc159281bd7c356914ac65cacaf87d5dc785636cfa1f2150dd609fd5876,1,29444,PRIVATE_OR_DUPLICATE_OR_UNSELECTED_ARCHIVE_MEMBER_NO_PUBLIC_IMPORT
e1f4cb48589b2e01d00bb926d9fa0081440999d38ed4d1fd7669e3191c3fc910,1,682,PRIVATE_OR_DUPLICATE_OR_UNSELECTED_ARCHIVE_MEMBER_NO_PUBLIC_IMPORT
e20c2e1c439f1d54986ff44e958e7eb7f49ee8bd7bb4d843afb3b8fe4692a42f,2,3004,EXACT_PUBLIC_BYTES_PRESENT
e20ff93d86b8d6ec471abbfb2c8b1eb3aacd50fdc737f13599fb6ab294119dda,1,437,PRIVATE_OR_DUPLICATE_OR_UNSELECTED_ARCHIVE_MEMBER_NO_PUBLIC_IMPORT
e2ee431d30cbec31d75caa54f3ebb0f575cd30322fb1379140d7ffca74cc076f,1,17834,EXACT_PUBLIC_BYTES_PRESENT
e346804b7e943f74d4d706eb5839a1b5e3375bef5ce08e79b4859f7e19376a5a,4,17599,EXACT_PUBLIC_BYTES_PRESENT
e3db880891dc6baf7ba48f166951ecd4ef3b66ca5afe57e5a77a00c31919505b,6,15531,EXACT_PUBLIC_BYTES_PRESENT
e41108b6e716a485029ce5c3920cfebf38864e82c36d44a753ccc042d3da218b,1,757,PRIVATE_OR_DUPLICATE_OR_UNSELECTED_ARCHIVE_MEMBER_NO_PUBLIC_IMPORT
e4c307083d5e55d547610241d12023de8c69a7bf003bed4348d28a1b21063d2f,1,918,PRIVATE_OR_DUPLICATE_OR_UNSELECTED_ARCHIVE_MEMBER_NO_PUBLIC_IMPORT
e51467254b1f358e3cdd3dbd377e05b61e7b6fc8d65f608158f9dbeabb61996a,1,10081,PRIVATE_OR_DUPLICATE_OR_UNSELECTED_ARCHIVE_MEMBER_NO_PUBLIC_IMPORT
e60f623912cbc48d964a046b44ae898745659d8921ff81b74e5880227524ca4a,1,799,PRIVATE_OR_DUPLICATE_OR_UNSELECTED_ARCHIVE_MEMBER_NO_PUBLIC_IMPORT
e680136cb8ca88d043fdf3be8c41c2c1dc88dd7c9b1bb7f2c8c6f4b8d7871e12,1,351,PRIVATE_OR_DUPLICATE_OR_UNSELECTED_ARCHIVE_MEMBER_NO_PUBLIC_IMPORT
e68fd41ee37f77e7807ab732ed81080d4562e1cb16c0a1999dfa1e91581dddfa,6,365,EXACT_PUBLIC_BYTES_PRESENT
e6be09155edc0ac185f2e4e178bf450075eee2eeade362bda0ca87171cf9c81d,1,1475,PRIVATE_OR_DUPLICATE_OR_UNSELECTED_ARCHIVE_MEMBER_NO_PUBLIC_IMPORT
e733a5e11f5431653ac70d2d18cfe60468a841cda153431726ad3bf08bb8570a,1,1667,PRIVATE_OR_DUPLICATE_OR_UNSELECTED_ARCHIVE_MEMBER_NO_PUBLIC_IMPORT
e79e529d8d7c487171775e5a19e09a248ac8871db4fa8584fa5ad387f82971e9,1,758,PRIVATE_OR_DUPLICATE_OR_UNSELECTED_ARCHIVE_MEMBER_NO_PUBLIC_IMPORT
e86e5bc13327ccbb39bddac26e1d356a5d1e00b1dcf9242438e37860d3ea6517,1,3032,EXACT_PUBLIC_BYTES_PRESENT
e9155938f21b2534b201829353927efd80bd3b4e63b355e4c947cc3ee9679cd3,1,1488,PRIVATE_OR_DUPLICATE_OR_UNSELECTED_ARCHIVE_MEMBER_NO_PUBLIC_IMPORT
e991652a776d0c86c5667d37945314f49045c88db4357ef4dda6e5fd8443a082,1,1360,PRIVATE_OR_DUPLICATE_OR_UNSELECTED_ARCHIVE_MEMBER_NO_PUBLIC_IMPORT
e9fadd8e404bc07b4440aed35aa80ed5749b1464cb74f1a07eb31814b6bdde53,1,1112,PRIVATE_OR_DUPLICATE_OR_UNSELECTED_ARCHIVE_MEMBER_NO_PUBLIC_IMPORT
eb9d9f63272e70ed289091234be7405d4601e1d91f7c5c7bc2b023bc2c3787a0,1,1718,PRIVATE_OR_DUPLICATE_OR_UNSELECTED_ARCHIVE_MEMBER_NO_PUBLIC_IMPORT
ebc7d3344edc545b155705b98047bcd0fe538eba74fe9c7eeb84aea198138186,1,1887,PRIVATE_OR_DUPLICATE_OR_UNSELECTED_ARCHIVE_MEMBER_NO_PUBLIC_IMPORT
ed516a93f9bea355cf3ef8eecfc953f7eb1e9c5b346c432eb9ff56de216a5a58,1,1044,PRIVATE_OR_DUPLICATE_OR_UNSELECTED_ARCHIVE_MEMBER_NO_PUBLIC_IMPORT
edc96157c1044f29d205553739c478cd657f1a3357ffe0b122f0989dd5fb5840,1,6847,PUBLIC_HASH_RECEIPTED_NO_DUPLICATE_IMPORT
ee2ff825c43ec50204a743440ce08c740dfe7142efd458c8ce64153043421f60,4,10257,EXACT_PUBLIC_BYTES_PRESENT
eebbb7f5c3d1bab919b9315ee77088ad76553a9d32e38a9f7b84b646c2a5d0db,1,8062,EXACT_PUBLIC_BYTES_PRESENT
efe0bc5965855cb8a955228b2e38de1da729ebebc4650fab0813e25f9f7c6f4e,1,843,PRIVATE_OR_DUPLICATE_OR_UNSELECTED_ARCHIVE_MEMBER_NO_PUBLIC_IMPORT
f0278114a26708aca412533c63f0a62d5c388210bcc80defb046c1c8e0330c2c,7,10628,EXACT_PUBLIC_BYTES_PRESENT
f02b29497fef5ce401b02c6e09478417d79fbb93584fbc372ab116c58c67649e,1,5838,EXACT_PUBLIC_BYTES_PRESENT
f03b52ffa0a46980787e91bca36195b07ccf37a60827173f1123170c3703d0a1,1,2286,PRIVATE_OR_DUPLICATE_OR_UNSELECTED_ARCHIVE_MEMBER_NO_PUBLIC_IMPORT
f07928d7f2f356f18b4e86596d0d8082a7f8009b705024610dae636912560440,1,311,PRIVATE_OR_DUPLICATE_OR_UNSELECTED_ARCHIVE_MEMBER_NO_PUBLIC_IMPORT
f12aa125294927ebc9268ca05ee8fb21579a154b5b3f32e1c67a0365015165f2,1,17052,PRIVATE_OR_DUPLICATE_OR_UNSELECTED_ARCHIVE_MEMBER_NO_PUBLIC_IMPORT
f2149cfa588ecbdd5ca7113b19d25e62b8dcfce872dec3ef0fc886c66cbeb8ec,1,9755,PRIVATE_OR_DUPLICATE_OR_UNSELECTED_ARCHIVE_MEMBER_NO_PUBLIC_IMPORT
f240e2f64b5737ee0b92311786c7e55afd11014c582f4cad3b6747abec465ac3,1,834,PRIVATE_OR_DUPLICATE_OR_UNSELECTED_ARCHIVE_MEMBER_NO_PUBLIC_IMPORT
f251211f86634876f9d9b07c544557885881d6260ee4586aaf0c55238973f777,1,1461,EXACT_PUBLIC_BYTES_PRESENT
f252ca34705fd1d2eb09175af0c168a5ae4d859eb30353aaa7be2bd369e5fe32,3,8166,PUBLIC_HASH_RECEIPTED_NO_DUPLICATE_IMPORT
f3289a69ad5dea20e6467bc280b59e2ef48d7c15b770d36dfde4ced217b46859,1,396,PRIVATE_OR_DUPLICATE_OR_UNSELECTED_ARCHIVE_MEMBER_NO_PUBLIC_IMPORT
f35d4a39aecf6f66b3d0380065b95dd92990a02ca91f8a32329b6e64b95aee4b,7,10518,EXACT_PUBLIC_BYTES_PRESENT
f4116f87127d835e4c5f8f81eed59337c910e803ad331450fd03a20cd66cd36e,1,10461,PRIVATE_OR_DUPLICATE_OR_UNSELECTED_ARCHIVE_MEMBER_NO_PUBLIC_IMPORT
f42a115c18c6abf631f828e933ba163dc60623cc6d280d4b1b671c7c7dcda8b5,1,397,PRIVATE_OR_DUPLICATE_OR_UNSELECTED_ARCHIVE_MEMBER_NO_PUBLIC_IMPORT
f4b74747faa9f13abf255c72293467b7cd3d07a0603730ccd039cf5662d3bec1,1,726,PRIVATE_OR_DUPLICATE_OR_UNSELECTED_ARCHIVE_MEMBER_NO_PUBLIC_IMPORT
f56f5f047745b64c96827ab3e1c1fabd0519721693d8cb2e0dc5a5408f769f07,1,65908,EXACT_PUBLIC_BYTES_PRESENT
f5ffa1387012cc95d28e185262d18d4160b652b22e5e518d31488a418deb6d71,1,5339,EXACT_PUBLIC_BYTES_PRESENT
f6f3e2631a1a8fc68ee811340979a3d414e322c792b5504b8d305caa38f47c96,1,1084,PRIVATE_OR_DUPLICATE_OR_UNSELECTED_ARCHIVE_MEMBER_NO_PUBLIC_IMPORT
f781d216c6ccd2336b9497786cfc488fc08f4396efc7eb5d3bb38a4774ff872c,1,1670,PRIVATE_OR_DUPLICATE_OR_UNSELECTED_ARCHIVE_MEMBER_NO_PUBLIC_IMPORT
f7ed5d3ff589ef3c51f6783623f81ed9c61e59f48dac34b8ebe84af0944b809f,1,38690,PRIVATE_OR_DUPLICATE_OR_UNSELECTED_ARCHIVE_MEMBER_NO_PUBLIC_IMPORT
f898323c68c6f0efa76ade4deb54df0d1655965b13745633027791ade274ad3c,1,394,PRIVATE_OR_DUPLICATE_OR_UNSELECTED_ARCHIVE_MEMBER_NO_PUBLIC_IMPORT
f8d46777f62a460864bcec09e73ce908a2d3113d9e6c71b19e398df26230c3b5,1,861,PRIVATE_OR_DUPLICATE_OR_UNSELECTED_ARCHIVE_MEMBER_NO_PUBLIC_IMPORT
f9221f0884007de3714ad6a38613ab1ad17498479931de2e21abb1a40bb56743,1,1642,PRIVATE_OR_DUPLICATE_OR_UNSELECTED_ARCHIVE_MEMBER_NO_PUBLIC_IMPORT
f9d6820ef93ef276a45dc3d8176fae70b659063b6f8e8d6d9021ee2917984232,1,5383,PUBLIC_HASH_RECEIPTED_NO_DUPLICATE_IMPORT
f9eec0c6aa84ee8547bc1b87027fa7fc93aea3c46fe160c37a4830ea719f0f3b,1,795,PUBLIC_HASH_RECEIPTED_NO_DUPLICATE_IMPORT
fa09d3a5c4ecb1d0fa49e24ba7cf561e6f17eb22d51506bc9d7f0f42cf14b841,7,2265,EXACT_PUBLIC_BYTES_PRESENT
fb021766399516069d7ff706821c6cc68efd652afe14a44873a8f5be3221e24e,1,1819,PRIVATE_OR_DUPLICATE_OR_UNSELECTED_ARCHIVE_MEMBER_NO_PUBLIC_IMPORT
fb0eb670ecc56caf79b3ecb75dc55255b7bd9c4b206983ba39d5c76ae1e90b83,1,1247,PRIVATE_OR_DUPLICATE_OR_UNSELECTED_ARCHIVE_MEMBER_NO_PUBLIC_IMPORT
fb22d822c53259cac6045df41ede3addcfd6089e5196dae885394ece49e0d7d7,4,4603,EXACT_PUBLIC_BYTES_PRESENT
fbcd7f57f2df705673b965031e7aa7263c4c8731d871a877eb7affb87599bcc4,2,7764,EXACT_PUBLIC_BYTES_PRESENT
fcc9bc79ea5c029b9b58953d0c04f40eca1ce20ebaad1d5fa44a7f046c597715,1,707,PRIVATE_OR_DUPLICATE_OR_UNSELECTED_ARCHIVE_MEMBER_NO_PUBLIC_IMPORT
fce8deb060230759bf3cd4e86dd6d06847981ac2aebc94b3318e7ba83fbf5d8a,1,53242,PRIVATE_OR_DUPLICATE_OR_UNSELECTED_ARCHIVE_MEMBER_NO_PUBLIC_IMPORT
fd7d9c97bb1e2b3ba0575d39b2e9f2378bfc28482b372937b756098d8beb096f,7,2365,EXACT_PUBLIC_BYTES_PRESENT
fd9b6451b27ac693c51ca3120f6c5244526097ab6ce5dda4420df9c812db8d8c,1,508,PRIVATE_OR_DUPLICATE_OR_UNSELECTED_ARCHIVE_MEMBER_NO_PUBLIC_IMPORT
fee064edb0c20665ce8a42d92ff407cb75014b864475b1a700ee3f79117be9b7,1,39659,EXACT_PUBLIC_BYTES_PRESENT
ff1c4d4ef9f122fc4acb9275d9444a60059b02953a93a638d3d97dc2ca8eb5bc,1,506,PRIVATE_OR_DUPLICATE_OR_UNSELECTED_ARCHIVE_MEMBER_NO_PUBLIC_IMPORT
ff498bc9676eb733a33ed7b49ea9c7b950ee8a12bd3c19824afc3e8d36bfe249,1,8237,PRIVATE_OR_DUPLICATE_OR_UNSELECTED_ARCHIVE_MEMBER_NO_PUBLIC_IMPORT
ffd1f843b5316decb68c9f4a665d4a161ccc71377c7395833ef1f5f1acb7c9fe,1,429,PRIVATE_OR_DUPLICATE_OR_UNSELECTED_ARCHIVE_MEMBER_NO_PUBLIC_IMPORT
ffd5f6893f3df6ebcc79d08566a3fa618b1b7f30a7f2efa232077c0485380faa,4,1668,EXACT_PUBLIC_BYTES_PRESENT
