row_id,surface,kind,sha256,bytes,source_status,disposition
1,FILE_CARD,DOWNLOAD,7000fdb25ccf3b3de6f14918f2e055ac2aad163a75a068498283af9a4d68c376,11654,DOWNLOADED_AND_HASHED,EXACT_PUBLIC_BYTES_PRESENT
2,FILE_CARD,DOWNLOAD,2d8c9f7f77d03ea07f12385712dfa1b068a111e84bdf050180681ba055e76589,5062,DOWNLOADED_AND_HASHED,EXACT_PUBLIC_BYTES_PRESENT
3,FILE_CARD,DOWNLOAD,311818ec2a81897c0f5e76e1fd8a73e7e95b8f5f9bf1b337746996c18e17211a,1409,DOWNLOADED_AND_HASHED,EXACT_PUBLIC_BYTES_PRESENT
4,FILE_CARD,DOWNLOAD,4afcab57e7ca020161cad4eea8755135a3e229ce07fd0f6a30c4aa359ec3f8fd,3765,DOWNLOADED_AND_HASHED,EXACT_PUBLIC_BYTES_PRESENT
5,FILE_CARD,DOWNLOAD,917f1e5cee2f42fc1d7784a1d038c3dc6ad2b6fa885a3c9100229e2ad0d68bdf,1070,DOWNLOADED_AND_HASHED,EXACT_PUBLIC_BYTES_PRESENT
6,FILE_CARD,DOWNLOAD,bc08b1adc1322d9d44a8d9f2305d4c127ac235455cffeaf053ea50bac840ece8,1936,DOWNLOADED_AND_HASHED,EXACT_PUBLIC_BYTES_PRESENT
7,FILE_CARD,DOWNLOAD,8139164e055edbb916895c84e487366a263f89126daa09afd4a9c41b3dacb95e,450,DOWNLOADED_AND_HASHED,PRIVATE_CUSTODY_OR_VERIFICATION_RECEIPT_NO_PUBLIC_IMPORT
8,FILE_CARD,DOWNLOAD,68e373a368307f2ebd47af3de4a534fbc32378069ca8d3267164bf755b3eeccf,485,DOWNLOADED_AND_HASHED,PRIVATE_CUSTODY_OR_VERIFICATION_RECEIPT_NO_PUBLIC_IMPORT
9,FILE_CARD,DOWNLOAD,62b31b26a3ce1f1e3d5d45b75cfccfc50f45b251de1a0f7ca3be0d1b0e8a445e,1765,DOWNLOADED_AND_HASHED,PRIVATE_CUSTODY_OR_VERIFICATION_RECEIPT_NO_PUBLIC_IMPORT
10,FILE_CARD,DOWNLOAD,9ea9e662e808f02b9c00a8a86b846aa574b2fdf23a35b979806d7e90b6f45f4e,4959,DOWNLOADED_AND_HASHED,EXACT_PUBLIC_BYTES_PRESENT
11,FILE_CARD,DOWNLOAD,1a99dee721cfdfdd4d5cc76e4c095be41cfc85b9ff44df4e4180b06844de99c4,1045,DOWNLOADED_AND_HASHED,PRIVATE_CUSTODY_OR_VERIFICATION_RECEIPT_NO_PUBLIC_IMPORT
12,FILE_CARD,DOWNLOAD,765522b4f67db991126c621f4626500bb59939beaeb7da633bb40cdb4bf546d9,1231,DOWNLOADED_AND_HASHED,EXACT_PUBLIC_BYTES_PRESENT
13,FILE_CARD,DOWNLOAD,7da005d001ae97acc6324011ae363193d801a34055365e7218a84680ec17896b,10668,DOWNLOADED_AND_HASHED,EXACT_PUBLIC_BYTES_PRESENT
14,FILE_CARD,DOWNLOAD,960f3a037a2a87613f2d847211056f306d3031cfd5dd1351c5766994ffdd8078,678,DOWNLOADED_AND_HASHED,EXACT_PUBLIC_BYTES_PRESENT
15,FILE_CARD,DOWNLOAD,,,DOWNLOAD_FAILED,SUPERSEDED_FAILED_ATTEMPT_MATCHED_TO_LATER_SUCCESS
16,FILE_CARD,DOWNLOAD,,,DOWNLOAD_FAILED,SUPERSEDED_FAILED_ATTEMPT_MATCHED_TO_LATER_SUCCESS
17,FILE_CARD,DOWNLOAD,,,DOWNLOAD_FAILED,SUPERSEDED_FAILED_ATTEMPT_MATCHED_TO_LATER_SUCCESS
18,FILE_CARD,DOWNLOAD,,,DOWNLOAD_FAILED,SUPERSEDED_FAILED_ATTEMPT_MATCHED_TO_LATER_SUCCESS
19,FILE_CARD,DOWNLOAD,,,DOWNLOAD_FAILED,SUPERSEDED_FAILED_ATTEMPT_MATCHED_TO_LATER_SUCCESS
20,FILE_CARD,DOWNLOAD,,,DOWNLOAD_FAILED,SUPERSEDED_FAILED_ATTEMPT_MATCHED_TO_LATER_SUCCESS
21,FILE_CARD,DOWNLOAD,,,DOWNLOAD_FAILED_RETRY,SUPERSEDED_FAILED_ATTEMPT_MATCHED_TO_LATER_SUCCESS
22,FILE_CARD,DOWNLOAD,225cffba4ddc79b1a466bca704d7b1323dca94cf6ea2f615b3409bf74daffdf0,4745,DOWNLOADED_AND_HASHED,EXACT_PUBLIC_BYTES_PRESENT
23,FILE_CARD,DOWNLOAD,a0ec4f114c5892715bc1277020cdfab8e1e8b2462d50f2831a1bd5995da463b0,243839,DOWNLOADED_AND_HASHED,EXACT_PUBLIC_BYTES_PRESENT
24,FILE_CARD,DOWNLOAD,cc498ad8ffd4b571850a727f409b3f500192bac50de7d0e04c51609d757a61cb,220137,DOWNLOADED_AND_HASHED,EXACT_PUBLIC_BYTES_PRESENT
25,FILE_CARD,DOWNLOAD,7d527546a89e5774bd45d59eb60ce3eb3c79c8c6136d712fecc544b9ace77672,17293,DOWNLOADED_AND_HASHED,EXACT_PUBLIC_BYTES_PRESENT
26,FILE_CARD,DOWNLOAD,ab5b352b63ea8d3f5dcc9d0b7baa22ccda9e84155bbec78b6eb73d0504d4b144,220168,DOWNLOADED_AND_HASHED,EXACT_PUBLIC_BYTES_PRESENT
27,FILE_CARD,DOWNLOAD,59006ddcb0c899432d9af8a628de2a9798b68832cc79c05e5ec6141f945acf2c,45342,DOWNLOADED_AND_HASHED,EXACT_PUBLIC_BYTES_PRESENT
28,FILE_CARD,DOWNLOAD,afb0ae8e72676efe0ad0a8205a24527cdc8cf1c7e2dfe302bd33f333806fa2ca,98302,DOWNLOADED_AND_HASHED,EXACT_PUBLIC_BYTES_PRESENT
29,FILE_CARD,DOWNLOAD,81f36961dfcb4479bd0bcc996520e5c04f32c8a91e4cd82260939bc68880f543,20122,DOWNLOADED_AND_HASHED,EXACT_PUBLIC_BYTES_PRESENT
30,FILE_CARD,DOWNLOAD,150450b862f4ce4be65f4f4d75125143582781798a7780e9bdfb7686ea7302ae,4292,DOWNLOADED_AND_HASHED,EXACT_PUBLIC_BYTES_PRESENT
31,FILE_CARD,DOWNLOAD,21013759c470a0b82ba248d04641926699e32767f2b6a2b8d52fe9898c2f7ea5,8942,DOWNLOADED_AND_HASHED,EXACT_PUBLIC_BYTES_PRESENT
32,FILE_CARD,DOWNLOAD,70fe469239241b1a4fbcb12f8f8328145e51641aca0d8521b861250fb6a78174,112347,DOWNLOADED_AND_HASHED,EXACT_PUBLIC_BYTES_PRESENT
33,FILE_CARD,DOWNLOAD,c5b1ab8906687deac9ed4172721ec273ab5e083805e74b7ccbbb7d9b19128546,174,DOWNLOADED_AND_HASHED,EXACT_PUBLIC_BYTES_PRESENT
34,FILE_CARD,DOWNLOAD,73a6cf8528fd79e46c8e2b01b99c4f1839ab1431f4cf73b78ac3d95e9874cd23,151,DOWNLOADED_AND_HASHED,EXACT_PUBLIC_BYTES_PRESENT
35,FILE_CARD,DOWNLOAD,adb6e19efa744b081f04130e9903a55f418c9c45c6b7734702f60c254e454023,45157,DOWNLOADED_AND_HASHED,EXACT_PUBLIC_BYTES_PRESENT
36,FILE_CARD,DOWNLOAD,e40ac70d8433a09cfd5ee392c29391b42d1cff9dc854c9fa13cec1819fae3e5f,234,DOWNLOADED_AND_HASHED,EXACT_PUBLIC_BYTES_PRESENT
37,FILE_CARD,DOWNLOAD,dc95de0625bbbbd013e28735842468a7db6b6b042623b46b2976f4da5ef8c785,134,DOWNLOADED_AND_HASHED,EXACT_PUBLIC_BYTES_PRESENT
38,FILE_CARD,DOWNLOAD,9ed388c4d67e5e435073b3efca88478d2bf6416f18d11e8f1b3ecb39ed0aa611,163,DOWNLOADED_AND_HASHED,EXACT_PUBLIC_BYTES_PRESENT
39,FILE_CARD,DOWNLOAD,b706655e536764315dea33da9f9922d13afc581188155d1b0f0e7792da8efdef,147,DOWNLOADED_AND_HASHED,EXACT_PUBLIC_BYTES_PRESENT
40,FILE_CARD,DOWNLOAD,6094bac56ddfcf916cc39374fbf31c6def134981308e0c1e4dbeabb870836b65,20128,DOWNLOADED_AND_HASHED,EXACT_PUBLIC_BYTES_PRESENT
41,FILE_CARD,DOWNLOAD,225cffba4ddc79b1a466bca704d7b1323dca94cf6ea2f615b3409bf74daffdf0,4745,DOWNLOADED_AND_HASHED,EXACT_PUBLIC_BYTES_PRESENT
42,FILE_CARD,DOWNLOAD,a0ec4f114c5892715bc1277020cdfab8e1e8b2462d50f2831a1bd5995da463b0,243839,DOWNLOADED_AND_HASHED,EXACT_PUBLIC_BYTES_PRESENT
43,FILE_CARD,DOWNLOAD,ab5b352b63ea8d3f5dcc9d0b7baa22ccda9e84155bbec78b6eb73d0504d4b144,220168,DOWNLOADED_AND_HASHED,EXACT_PUBLIC_BYTES_PRESENT
44,FILE_CARD,DOWNLOAD,59006ddcb0c899432d9af8a628de2a9798b68832cc79c05e5ec6141f945acf2c,45342,DOWNLOADED_AND_HASHED,EXACT_PUBLIC_BYTES_PRESENT
45,FILE_CARD,DOWNLOAD,afb0ae8e72676efe0ad0a8205a24527cdc8cf1c7e2dfe302bd33f333806fa2ca,98302,DOWNLOADED_AND_HASHED,EXACT_PUBLIC_BYTES_PRESENT
46,FILE_CARD,DOWNLOAD,81f36961dfcb4479bd0bcc996520e5c04f32c8a91e4cd82260939bc68880f543,20122,DOWNLOADED_AND_HASHED,EXACT_PUBLIC_BYTES_PRESENT
47,FILE_CARD,DOWNLOAD,70fe469239241b1a4fbcb12f8f8328145e51641aca0d8521b861250fb6a78174,112347,DOWNLOADED_AND_HASHED,EXACT_PUBLIC_BYTES_PRESENT
48,FILE_CARD,DOWNLOAD,768b6617280b4ba049f657bb7efe5a174773f58bedd9e11b908eb6c5492f43da,22752,DOWNLOADED_AND_HASHED,PUBLIC_HASH_RECEIPTED_NO_DUPLICATE_IMPORT
49,FILE_CARD,DOWNLOAD,225cffba4ddc79b1a466bca704d7b1323dca94cf6ea2f615b3409bf74daffdf0,4745,DOWNLOADED_AND_HASHED,EXACT_PUBLIC_BYTES_PRESENT
50,FILE_CARD,DOWNLOAD,a0ec4f114c5892715bc1277020cdfab8e1e8b2462d50f2831a1bd5995da463b0,243839,DOWNLOADED_AND_HASHED,EXACT_PUBLIC_BYTES_PRESENT
51,FILE_CARD,DOWNLOAD,cc498ad8ffd4b571850a727f409b3f500192bac50de7d0e04c51609d757a61cb,220137,DOWNLOADED_AND_HASHED,EXACT_PUBLIC_BYTES_PRESENT
52,FILE_CARD,DOWNLOAD,ab5b352b63ea8d3f5dcc9d0b7baa22ccda9e84155bbec78b6eb73d0504d4b144,220168,DOWNLOADED_AND_HASHED,EXACT_PUBLIC_BYTES_PRESENT
53,FILE_CARD,DOWNLOAD,59006ddcb0c899432d9af8a628de2a9798b68832cc79c05e5ec6141f945acf2c,45342,DOWNLOADED_AND_HASHED,EXACT_PUBLIC_BYTES_PRESENT
54,FILE_CARD,DOWNLOAD,afb0ae8e72676efe0ad0a8205a24527cdc8cf1c7e2dfe302bd33f333806fa2ca,98302,DOWNLOADED_AND_HASHED,EXACT_PUBLIC_BYTES_PRESENT
55,FILE_CARD,DOWNLOAD,81f36961dfcb4479bd0bcc996520e5c04f32c8a91e4cd82260939bc68880f543,20122,DOWNLOADED_AND_HASHED,EXACT_PUBLIC_BYTES_PRESENT
56,FILE_CARD,DOWNLOAD,1702d64f4b96665711920474c6a2c682ee69706c550f8f579007ce5783326414,14342,DOWNLOADED_AND_HASHED,PUBLIC_SAFE_SOURCE_SUMMARIZED_NOT_IMPORTED
57,FILE_CARD,DOWNLOAD,2eb9da316de15d1bb5a4b84e8011da89706dbd7f32314c74c71303aa647cc4d3,12940,DOWNLOADED_AND_HASHED,PUBLIC_SAFE_SOURCE_SUMMARIZED_NOT_IMPORTED
58,FILE_CARD,DOWNLOAD,31fa5b249ede9a5cd7ee180c175f432fdd29c2d94d43321de95a0ecc40b08d9e,39767,DOWNLOADED_AND_HASHED,PUBLIC_SAFE_SOURCE_SUMMARIZED_NOT_IMPORTED
59,FILE_CARD,DOWNLOAD,d3729486468b26b22c534e485af50d9850fb56a9d678b07042e4673013bde654,36787,DOWNLOADED_AND_HASHED,PUBLIC_SAFE_SOURCE_SUMMARIZED_NOT_IMPORTED
60,FILE_CARD,DOWNLOAD,84980642f29a4d5afb20e7955e7206476733e7e297630376d66ac5b5227f8a2c,39449,DOWNLOADED_AND_HASHED,PUBLIC_HASH_RECEIPTED_NO_DUPLICATE_IMPORT
61,FILE_CARD,DOWNLOAD,9aceeb97ddc043b89440a4572d882c6938bc6e28972c370877097bc9fc88cf10,7210,DOWNLOADED_AND_HASHED,PUBLIC_HASH_RECEIPTED_NO_DUPLICATE_IMPORT
62,FILE_CARD,DOWNLOAD,70fe469239241b1a4fbcb12f8f8328145e51641aca0d8521b861250fb6a78174,112347,DOWNLOADED_AND_HASHED,EXACT_PUBLIC_BYTES_PRESENT
63,FILE_CARD,DOWNLOAD,5feced3b9a94a03b7a8eee6183bcf6baec03b55802d8d86540a0b20052a10aca,8787,DOWNLOADED_AND_HASHED,EXACT_PUBLIC_BYTES_PRESENT
64,FILE_CARD,DOWNLOAD,d6faf89fee286bcc2fd52e7727e9dca40d07bab30d1ba5e4681406e411b1aa8c,1831,DOWNLOADED_AND_HASHED,EXACT_PUBLIC_BYTES_PRESENT
65,FILE_CARD,DOWNLOAD,09b69eeb3f38713b239d7445e632d9d2215f2d1a3ed86bf3c6f48b45226a7162,1968,DOWNLOADED_AND_HASHED,EXACT_PUBLIC_BYTES_PRESENT
66,FILE_CARD,DOWNLOAD,51129272d13e498d3cfd3bfb9c960dac0ac228fdf4b218e01c188b3bb581eae2,1414,DOWNLOADED_AND_HASHED,EXACT_PUBLIC_BYTES_PRESENT
67,FILE_CARD,DOWNLOAD,59b9e2b444cf6dfe8acde83dc5d412e47b071a63226131df8d914d929f44ced5,919,DOWNLOADED_AND_HASHED,EXACT_PUBLIC_BYTES_PRESENT
68,FILE_CARD,DOWNLOAD,a881d3020091dcb18c7e9d4ff8a285cbe920fbe189f6c1ae57a9d83408bc4bf1,834,DOWNLOADED_AND_HASHED,EXACT_PUBLIC_BYTES_PRESENT
69,FILE_CARD,DOWNLOAD,69fac21900078887406d78594d9b093d1166ba357e413bf0f12d6a156fc5da77,3988,DOWNLOADED_AND_HASHED,EXACT_PUBLIC_BYTES_PRESENT
70,FILE_CARD,DOWNLOAD,f251211f86634876f9d9b07c544557885881d6260ee4586aaf0c55238973f777,1461,DOWNLOADED_AND_HASHED,EXACT_PUBLIC_BYTES_PRESENT
71,FILE_CARD,DOWNLOAD,69d9312807713b555e3473089b8d79ae9b0fea88ec0b373c2e352812d831ad66,2435,DOWNLOADED_AND_HASHED,EXACT_PUBLIC_BYTES_PRESENT
72,FILE_CARD,DOWNLOAD,abae17ed6e22ef0e16c480cf9165b3798ab16c03ffebb4e81872e15a9f4e3bde,7473,DOWNLOADED_AND_HASHED,EXACT_PUBLIC_BYTES_PRESENT
73,FILE_CARD,DOWNLOAD,25d8cff74cc11fbbad992fe212f364ac4941d3245a52c890030103cc627f1812,2166,DOWNLOADED_AND_HASHED,EXACT_PUBLIC_BYTES_PRESENT
74,FILE_CARD,DOWNLOAD,a8659d4265db0463916a9e364d976adcf9a3c40f77235cf7266ef1d82ec3e60d,2723,DOWNLOADED_AND_HASHED,EXACT_PUBLIC_BYTES_PRESENT
75,FILE_CARD,DOWNLOAD,7a00fba06e2b73062fbd11f3cd1b816ea676361bf64bb001a0f8d72267f7a686,1466,DOWNLOADED_AND_HASHED,EXACT_PUBLIC_BYTES_PRESENT
76,FILE_CARD,DOWNLOAD,d2a4d6a7a20cf32546da0b683266e7c3497aaecaa320f301b934018c3fd907a7,5276,DOWNLOADED_AND_HASHED,EXACT_PUBLIC_BYTES_PRESENT
77,FILE_CARD,DOWNLOAD,fb22d822c53259cac6045df41ede3addcfd6089e5196dae885394ece49e0d7d7,4603,DOWNLOADED_AND_HASHED,EXACT_PUBLIC_BYTES_PRESENT
78,FILE_CARD,DOWNLOAD,4974a29bf6f530601c2513c56bd0a057c3ecb408f1df129c0ded1a6b568617db,1823,DOWNLOADED_AND_HASHED,EXACT_PUBLIC_BYTES_PRESENT
79,FILE_CARD,DOWNLOAD,f5ffa1387012cc95d28e185262d18d4160b652b22e5e518d31488a418deb6d71,5339,DOWNLOADED_AND_HASHED,EXACT_PUBLIC_BYTES_PRESENT
80,FILE_CARD,DOWNLOAD,24454daa2d6665452b433a7407be1af81fdb8587eaa4463a567b708d8947a672,3963,DOWNLOADED_AND_HASHED,EXACT_PUBLIC_BYTES_PRESENT
81,FILE_CARD,DOWNLOAD,add8cdf4f4b4e26213d7773800a346c8646704b225e7da39984c1b8ba6b00460,1395,DOWNLOADED_AND_HASHED,EXACT_PUBLIC_BYTES_PRESENT
82,FILE_CARD,DOWNLOAD,e86e5bc13327ccbb39bddac26e1d356a5d1e00b1dcf9242438e37860d3ea6517,3032,DOWNLOADED_AND_HASHED,EXACT_PUBLIC_BYTES_PRESENT
83,FILE_CARD,DOWNLOAD,3b4bd9956eea02737440d8789ff3ac1b989488fb0f4a2ad46eb17f5e9fa82a8a,5591,DOWNLOADED_AND_HASHED,EXACT_PUBLIC_BYTES_PRESENT
84,FILE_CARD,DOWNLOAD,de2867d65b9a098be89edabf0cd37068232f7759ee670ddbaa0772d42425a606,1444,DOWNLOADED_AND_HASHED,EXACT_PUBLIC_BYTES_PRESENT
85,FILE_CARD,DOWNLOAD,f56f5f047745b64c96827ab3e1c1fabd0519721693d8cb2e0dc5a5408f769f07,65908,DOWNLOADED_AND_HASHED,EXACT_PUBLIC_BYTES_PRESENT
86,FILE_CARD,DOWNLOAD,39dcd5458d2f31ae47176487fc7b59de1a04848c0802bf84ec54d392bed12f2e,88165,DOWNLOADED_AND_HASHED,EXACT_PUBLIC_BYTES_PRESENT
87,FILE_CARD,DOWNLOAD,4d06f220788120a529124f93f04ea80145f1a5d8a939ddc6f6566b3416f66556,22721,DOWNLOADED_AND_HASHED,EXACT_PUBLIC_BYTES_PRESENT
88,FILE_CARD,DOWNLOAD,452376b65677bf5306ecdaa6f7dc7209c0c25e219d90203cd645929db0f69e16,3149,DOWNLOADED_AND_HASHED,EXACT_PUBLIC_BYTES_PRESENT
89,FILE_CARD,DOWNLOAD,079c5e29230ea392bd2030367619871727c14e9f8759ad9af221e9b0edcdf48b,2653,DOWNLOADED_AND_HASHED,EXACT_PUBLIC_BYTES_PRESENT
90,FILE_CARD,DOWNLOAD,eebbb7f5c3d1bab919b9315ee77088ad76553a9d32e38a9f7b84b646c2a5d0db,8062,DOWNLOADED_AND_HASHED,EXACT_PUBLIC_BYTES_PRESENT
91,FILE_CARD,DOWNLOAD,df0b795317a4b3152549a3b6f62be391b7d846199069b2f3ff30f1549de869ea,372,DOWNLOADED_AND_HASHED,EXACT_PUBLIC_BYTES_PRESENT
92,FILE_CARD,DOWNLOAD,77611220b530c34e38a79791b74b918bba4caa2b02eb330848099f38dae95729,3109,DOWNLOADED_AND_HASHED,EXACT_PUBLIC_BYTES_PRESENT
93,FILE_CARD,DOWNLOAD,96410f402f48498b9f6129e0bfa1832e8dbe79f2db8c6f96426313547331fb11,5201,DOWNLOADED_AND_HASHED,EXACT_PUBLIC_BYTES_PRESENT
94,FILE_CARD,DOWNLOAD,a245d020efc4762aa8023fc98a43f3acbf5a16bd2aab4cd5c3012e024fd8df2f,6376,DOWNLOADED_AND_HASHED,EXACT_PUBLIC_BYTES_PRESENT
95,FILE_CARD,DOWNLOAD,b64e35a8d4d1aadce4173a3f481c3e4c2d50fe8cacb9d2c66334284e00bd3e25,5019,DOWNLOADED_AND_HASHED,EXACT_PUBLIC_BYTES_PRESENT
96,FILE_CARD,DOWNLOAD,9e520b987e9f45edeb67c9934156f43cac26436d2529e54cda45bed674f5aea2,516,DOWNLOADED_AND_HASHED,EXACT_PUBLIC_BYTES_PRESENT
97,FILE_CARD,DOWNLOAD,ebaefbfd30245d40a050ac3fbe226988cf3d8a2bcc9a95830d17a6fcb8ac2bdd,3273,DOWNLOADED_AND_HASHED,EXACT_PUBLIC_BYTES_PRESENT
98,FILE_CARD,DOWNLOAD,54259d8eba0d11385674935a817983a5a78ce355c069efd1231c9b2073bb79c7,8972,DOWNLOADED_AND_HASHED,EXACT_PUBLIC_BYTES_PRESENT
99,FILE_CARD,DOWNLOAD,263a2f54118bf4a271ff5118c09140cc7e99abd7643027e07085676edea9dac5,2548,DOWNLOADED_AND_HASHED,EXACT_PUBLIC_BYTES_PRESENT
100,FILE_CARD,DOWNLOAD,5658f895e86014dbb339c82f9f2e2219fd596b9fa665cf36f50cdb7bc7d8e89b,1372,DOWNLOADED_AND_HASHED,EXACT_PUBLIC_BYTES_PRESENT
101,FILE_CARD,DOWNLOAD,f02b29497fef5ce401b02c6e09478417d79fbb93584fbc372ab116c58c67649e,5838,DOWNLOADED_AND_HASHED,EXACT_PUBLIC_BYTES_PRESENT
102,FILE_CARD,DOWNLOAD,923ca47ef7822ccd0cefcc8a34abfa4f1fe276444d0d07e85a6783aba9138f02,9042,DOWNLOADED_AND_HASHED,EXACT_PUBLIC_BYTES_PRESENT
103,FILE_CARD,DOWNLOAD,9cbed9f0ddff9c97f45ae7155e6025e08edf28da3e9284534e63f547d12dc683,3759,DOWNLOADED_AND_HASHED,EXACT_PUBLIC_BYTES_PRESENT
104,FILE_CARD,DOWNLOAD,d26f88f20dec6ab915efc9af91c56b49bfe271858c3e774a9fb6642732552cf5,2590,DOWNLOADED_AND_HASHED,EXACT_PUBLIC_BYTES_PRESENT
105,FILE_CARD,DOWNLOAD,fd7d9c97bb1e2b3ba0575d39b2e9f2378bfc28482b372937b756098d8beb096f,2365,DOWNLOADED_AND_HASHED,EXACT_PUBLIC_BYTES_PRESENT
106,FILE_CARD,DOWNLOAD,641271bb4d43349fb7d6c0253da7de1b970606e81fd307118e9a9f1f99314272,11104,DOWNLOADED_AND_HASHED,EXACT_PUBLIC_BYTES_PRESENT
107,FILE_CARD,DOWNLOAD,c3fa9d03a94b948a8f47a16c5327646bd5fa1e69f05f97ddf6d517e375ee11a6,4227,DOWNLOADED_AND_HASHED,EXACT_PUBLIC_BYTES_PRESENT
108,FILE_CARD,DOWNLOAD,fa09d3a5c4ecb1d0fa49e24ba7cf561e6f17eb22d51506bc9d7f0f42cf14b841,2265,DOWNLOADED_AND_HASHED,EXACT_PUBLIC_BYTES_PRESENT
109,FILE_CARD,DOWNLOAD,04dc46909a4e2e080ea6a710138aa0a9442ecfbb6ee5b23b9282d7d75f2cd797,464,DOWNLOADED_AND_HASHED,EXACT_PUBLIC_BYTES_PRESENT
110,FILE_CARD,DOWNLOAD,f0278114a26708aca412533c63f0a62d5c388210bcc80defb046c1c8e0330c2c,10628,DOWNLOADED_AND_HASHED,EXACT_PUBLIC_BYTES_PRESENT
111,FILE_CARD,DOWNLOAD,2eef3bb3e8f012d503a04030391453dc249a7c5c226e69e32d2e6328ed2ed963,4098,DOWNLOADED_AND_HASHED,EXACT_PUBLIC_BYTES_PRESENT
112,FILE_CARD,DOWNLOAD,00cb92b437dc7df664a83bc461c98f03a40dbbe5842da0cf64f6e5282d46c137,2168,DOWNLOADED_AND_HASHED,EXACT_PUBLIC_BYTES_PRESENT
113,FILE_CARD,DOWNLOAD,355a78bd5bb01733655950e153329c82ac28b04af53fe0bb8ac6c5a557b1dc6a,426,DOWNLOADED_AND_HASHED,EXACT_PUBLIC_BYTES_PRESENT
114,FILE_CARD,DOWNLOAD,f35d4a39aecf6f66b3d0380065b95dd92990a02ca91f8a32329b6e64b95aee4b,10518,DOWNLOADED_AND_HASHED,EXACT_PUBLIC_BYTES_PRESENT
115,FILE_CARD,DOWNLOAD,809cd15c9eade18e87c07da8a9b012a46095ffc6ad1b8dc8cbc4a7dabaf66944,3728,DOWNLOADED_AND_HASHED,EXACT_PUBLIC_BYTES_PRESENT
116,FILE_CARD,DOWNLOAD,7084bea7feeba343e9fde678775bd0ad02a637cc6bc8ee7eac75b89b964d8416,2644,DOWNLOADED_AND_HASHED,EXACT_PUBLIC_BYTES_PRESENT
117,FILE_CARD,DOWNLOAD,676d26b96ace66c76d9243f79f1757063d5ddb2d2b7afedf48b84a70a3235ae3,1259,DOWNLOADED_AND_HASHED,EXACT_PUBLIC_BYTES_PRESENT
118,FILE_CARD,DOWNLOAD,09630cac3934fc96d97bcaf7b36ae6fb9431df239a98ada95cfc327e48d4cb24,857,DOWNLOADED_AND_HASHED,EXACT_PUBLIC_BYTES_PRESENT
119,FILE_CARD,DOWNLOAD,473eccbcc0f8f0f8183e19cc6184552515fc6bbdfa06bf4c0b0cf89a941da6df,424,DOWNLOADED_AND_HASHED,PRIVATE_CUSTODY_OR_VERIFICATION_RECEIPT_NO_PUBLIC_IMPORT
120,FILE_CARD,DOWNLOAD,e3db880891dc6baf7ba48f166951ecd4ef3b66ca5afe57e5a77a00c31919505b,15531,DOWNLOADED_AND_HASHED,EXACT_PUBLIC_BYTES_PRESENT
121,FILE_CARD,DOWNLOAD,bd5c08bf7fc65890cac4b06c724a66b2dfaf9f8572e1daf3a40b4bae5291c1a7,5953,DOWNLOADED_AND_HASHED,EXACT_PUBLIC_BYTES_PRESENT
122,FILE_CARD,DOWNLOAD,c873f52c57b5081ee7f226cdd4aef83acf509f73bfe73d1ef4e5314b4c6fa015,3344,DOWNLOADED_AND_HASHED,EXACT_PUBLIC_BYTES_PRESENT
123,FILE_CARD,DOWNLOAD,9789cf7cc81cd6d5a9d3bf12c8958034743017321bd9db2dfa78993794715905,2218,DOWNLOADED_AND_HASHED,EXACT_PUBLIC_BYTES_PRESENT
124,FILE_CARD,DOWNLOAD,879681edd0f28a35ba9bd87f049ad60c10ea5369474fb8bf2d092de88251299c,14916,DOWNLOADED_AND_HASHED,EXACT_PUBLIC_BYTES_PRESENT
125,FILE_CARD,DOWNLOAD,2c62f902709a00ef3b832ae20f07ba44df9f0ec9d7b287a7290e893c56444bb3,2282,DOWNLOADED_AND_HASHED,EXACT_PUBLIC_BYTES_PRESENT
126,FILE_CARD,DOWNLOAD,292f94cd8d248c674845449d1fadccb004a1b8bae837a2353754f1fb5515aca6,4613,DOWNLOADED_AND_HASHED,EXACT_PUBLIC_BYTES_PRESENT
127,FILE_CARD,DOWNLOAD,599e9dd9595e26ae857a9a1e7c8a07306a2ec13f25c0c5a0500da544bc45f3ba,10299,DOWNLOADED_AND_HASHED,EXACT_PUBLIC_BYTES_PRESENT
128,FILE_CARD,DOWNLOAD,7e3b6c2de058a44f36001bb0c485dc2541eb4c332184d7fe01706a758f9f677e,1404,DOWNLOADED_AND_HASHED,EXACT_PUBLIC_BYTES_PRESENT
129,FILE_CARD,DOWNLOAD,2a74a9562bd38834fe8a31c14ceca4b0520a5c4f55cda4bf41d83c1efae57623,3278,DOWNLOADED_AND_HASHED,EXACT_PUBLIC_BYTES_PRESENT
130,FILE_CARD,DOWNLOAD,e346804b7e943f74d4d706eb5839a1b5e3375bef5ce08e79b4859f7e19376a5a,17599,DOWNLOADED_AND_HASHED,EXACT_PUBLIC_BYTES_PRESENT
131,FILE_CARD,DOWNLOAD,95d2ac63d14d75c790477b0311459fbdcee4338045287db27282d34a8d75a37c,3803,DOWNLOADED_AND_HASHED,EXACT_PUBLIC_BYTES_PRESENT
132,FILE_CARD,DOWNLOAD,84c16f107493559d72499df6492a9aeb9f63956f9bffac16b649de1c27face61,748,DOWNLOADED_AND_HASHED,EXACT_PUBLIC_BYTES_PRESENT
133,FILE_CARD,DOWNLOAD,d3f235b084c187bc0c87a9796331059f828ef956c841f05f77fbb54d29164613,4788,DOWNLOADED_AND_HASHED,EXACT_PUBLIC_BYTES_PRESENT
134,FILE_CARD,DOWNLOAD,232c0489f47bf431eabb0d624fc0002b8524007fe438c51f714f0a341c25acf3,1445,DOWNLOADED_AND_HASHED,EXACT_PUBLIC_BYTES_PRESENT
135,FILE_CARD,DOWNLOAD,ee2ff825c43ec50204a743440ce08c740dfe7142efd458c8ce64153043421f60,10257,DOWNLOADED_AND_HASHED,EXACT_PUBLIC_BYTES_PRESENT
136,FILE_CARD,DOWNLOAD,a9b40311a34e60cd13370f29a31f405ad312c3a2ee738665d0c821e0d5b1897a,1708,DOWNLOADED_AND_HASHED,SUPERSEDED_OR_REJECTED_PROPOSAL_NOT_IMPORTED
137,FILE_CARD,DOWNLOAD,5ebe084ca59c3ac40e8986a288d8ef69d6049703b3d5ae442b5af406d7a1fe68,5965,DOWNLOADED_AND_HASHED,SUPERSEDED_OR_REJECTED_PROPOSAL_NOT_IMPORTED
138,FILE_CARD,DOWNLOAD,8dd12a5bf697f3da63b3a01ed11b988ebc71ad890c73f0bd080c05bfce23cb40,1284,DOWNLOADED_AND_HASHED,SUPERSEDED_OR_REJECTED_PROPOSAL_NOT_IMPORTED
139,FILE_CARD,DOWNLOAD,8139164e055edbb916895c84e487366a263f89126daa09afd4a9c41b3dacb95e,450,DOWNLOADED_AND_HASHED,PRIVATE_CUSTODY_OR_VERIFICATION_RECEIPT_NO_PUBLIC_IMPORT
140,FILE_CARD,DOWNLOAD,68e373a368307f2ebd47af3de4a534fbc32378069ca8d3267164bf755b3eeccf,485,DOWNLOADED_AND_HASHED,PRIVATE_CUSTODY_OR_VERIFICATION_RECEIPT_NO_PUBLIC_IMPORT
141,FILE_CARD,DOWNLOAD,700de032ab577e3b8930804a65ad4bc3e782fd01169eb3d7e8117defc6dff19f,12841,DOWNLOADED_AND_HASHED,EXACT_PUBLIC_BYTES_PRESENT
142,FILE_CARD,DOWNLOAD,470e6701aa574260dbfe1b9c94334dd0bd223d99244deda050d91eda1aa39f59,4285,DOWNLOADED_AND_HASHED,EXACT_PUBLIC_BYTES_PRESENT
143,FILE_CARD,DOWNLOAD,ffd5f6893f3df6ebcc79d08566a3fa618b1b7f30a7f2efa232077c0485380faa,1668,DOWNLOADED_AND_HASHED,EXACT_PUBLIC_BYTES_PRESENT
144,FILE_CARD,DOWNLOAD,6731ad5aba8fe87d41ac7e89df12a577d94af57b4641445c93ebd48f811ff1bb,960,DOWNLOADED_AND_HASHED,EXACT_PUBLIC_BYTES_PRESENT
145,FILE_CARD,DOWNLOAD,a1d44ddd701364e9ccc1e123a8d0e3228fb8ca1b4357820ca685bd99956736ff,2623,DOWNLOADED_AND_HASHED,EXACT_PUBLIC_BYTES_PRESENT
146,FILE_CARD,DOWNLOAD,385e8dbf103f606d64b11f1c852ab49639a917c99131c331abdfb08b09ce07e8,904,DOWNLOADED_AND_HASHED,EXACT_PUBLIC_BYTES_PRESENT
147,FILE_CARD,DOWNLOAD,9b7b227bbe31dbcf0a5db6114c1e8073f98da188b604c4788571dfbbf9373b7e,1660,DOWNLOADED_AND_HASHED,EXACT_PUBLIC_BYTES_PRESENT
148,FILE_CARD,DOWNLOAD,8139164e055edbb916895c84e487366a263f89126daa09afd4a9c41b3dacb95e,450,DOWNLOADED_AND_HASHED,PRIVATE_CUSTODY_OR_VERIFICATION_RECEIPT_NO_PUBLIC_IMPORT
149,FILE_CARD,DOWNLOAD,68e373a368307f2ebd47af3de4a534fbc32378069ca8d3267164bf755b3eeccf,485,DOWNLOADED_AND_HASHED,PRIVATE_CUSTODY_OR_VERIFICATION_RECEIPT_NO_PUBLIC_IMPORT
150,FILE_CARD,DOWNLOAD,44e711386ae2fd44a3762b39894b08c2e2e21d86bc3f0dcc2e3714e84f4b2ae2,13333,DOWNLOADED_AND_HASHED,EXACT_PUBLIC_BYTES_PRESENT
151,FILE_CARD,DOWNLOAD,e20c2e1c439f1d54986ff44e958e7eb7f49ee8bd7bb4d843afb3b8fe4692a42f,3004,DOWNLOADED_AND_HASHED,EXACT_PUBLIC_BYTES_PRESENT
152,FILE_CARD,DOWNLOAD,9feec904331204119215ee38eae7442cd04211b54af83cb951be9988b11e8d6e,5018,DOWNLOADED_AND_HASHED,EXACT_PUBLIC_BYTES_PRESENT
153,FILE_CARD,DOWNLOAD,84940c0ff953d86a75e0e937e6802945e70777e494df5e4a7fb22916c8cb9c22,1328,DOWNLOADED_AND_HASHED,EXACT_PUBLIC_BYTES_PRESENT
154,FILE_CARD,DOWNLOAD,fbcd7f57f2df705673b965031e7aa7263c4c8731d871a877eb7affb87599bcc4,7764,DOWNLOADED_AND_HASHED,EXACT_PUBLIC_BYTES_PRESENT
155,FILE_CARD,DOWNLOAD,8e26ada4c5c1d352d09e5051765aa489bb94a2c7de2d5fbcb40aea7d31dac110,2318,DOWNLOADED_AND_HASHED,EXACT_PUBLIC_BYTES_PRESENT
156,FILE_CARD,DOWNLOAD,ac53e6532c2fad19273cb2bbfb91cb61071d16016dd9e005bc986f98f4d96923,4062,DOWNLOADED_AND_HASHED,EXACT_PUBLIC_BYTES_PRESENT
157,FILE_CARD,DOWNLOAD,9489c58c297831bb9b8e4e5c238b3535b6650970de8874bc6a3273f0ba4b3b03,1737,DOWNLOADED_AND_HASHED,EXACT_PUBLIC_BYTES_PRESENT
158,FILE_CARD,DOWNLOAD,3a71ffa0146f447fcd7539ebf0a167a46228bd227799cfd4eefd62a8851b6b40,3422,DOWNLOADED_AND_HASHED,EXACT_PUBLIC_BYTES_PRESENT
159,FILE_CARD,DOWNLOAD,a6eb00842e017877e2b48063832e6776733729174aa5711d3300d72356b6f779,2640,DOWNLOADED_AND_HASHED,EXACT_PUBLIC_BYTES_PRESENT
160,FILE_CARD,USER_UPLOAD,,,HISTORICAL_LINK_UNAVAILABLE,HISTORICAL_LINK_UNAVAILABLE_WITH_PRIVATE_BOUNDARY_EVIDENCE
161,FILE_CARD,USER_UPLOAD,,,VIEWER_OPENED_NO_SUPPORTED_DOWNLOAD,VIEWER_OPENED_NO_SUPPORTED_DOWNLOAD
162,RESPONSE_LEVEL_BUTTON_CONTROL,BUTTON_CONTROL_DOWNLOAD,ff9e5452670ae5b895ac4093341c172ed91077e5595005e1537ee3d80bc44974,494283,DOWNLOADED_AND_HASHED,PUBLIC_HASH_RECEIPTED_NO_DUPLICATE_IMPORT
163,RESPONSE_LEVEL_BUTTON_CONTROL,BUTTON_CONTROL_DOWNLOAD,51003a709512ab2b8209233409e3a04285a952f65ad88a855423cd9a2012ef3b,107,DOWNLOADED_AND_HASHED,CHECKSUM_SIDECAR_HASH_ONLY_NO_PUBLIC_IMPORT
164,RESPONSE_LEVEL_BUTTON_CONTROL,BUTTON_CONTROL_DOWNLOAD,5ca21323dcabec1d9ceec66ff5ded89c1a9b0f69fc4c22f23fdf706a0f57c58f,114,DOWNLOADED_AND_HASHED,CHECKSUM_SIDECAR_HASH_ONLY_NO_PUBLIC_IMPORT
165,RESPONSE_LEVEL_BUTTON_CONTROL,BUTTON_CONTROL_DOWNLOAD,024698d4bc43d57c54fda813004810f8310917b6eb870590a36b9430d92eb636,117672,DOWNLOADED_AND_HASHED,PUBLIC_HASH_RECEIPTED_NO_DUPLICATE_IMPORT
166,RESPONSE_LEVEL_BUTTON_CONTROL,BUTTON_CONTROL_DOWNLOAD,bf90264873cf61833e6378c55c6b737b9cc8426723f85713087b4b736a914162,104,DOWNLOADED_AND_HASHED,CHECKSUM_SIDECAR_HASH_ONLY_NO_PUBLIC_IMPORT
167,RESPONSE_LEVEL_BUTTON_CONTROL,BUTTON_CONTROL_DOWNLOAD,dfa5dc36aa36b9f362b8cf8cd9df6b09dfa2d972d9de9cc2bdaf93f736029bea,221115,DOWNLOADED_AND_HASHED,PUBLIC_HASH_RECEIPTED_NO_DUPLICATE_IMPORT
168,RESPONSE_LEVEL_BUTTON_CONTROL,BUTTON_CONTROL_DOWNLOAD,7c180385b22b15a5fd21e16b10ea3a5031a7ae4adfe4a12518b0ddf7d8cc89c3,111,DOWNLOADED_AND_HASHED,CHECKSUM_SIDECAR_HASH_ONLY_NO_PUBLIC_IMPORT
169,RESPONSE_LEVEL_BUTTON_CONTROL,BUTTON_CONTROL_DOWNLOAD,48f91b9c25f4832f66e4d933d44874c56513c775417cf6ee0960211a4f731ce0,2110,DOWNLOADED_AND_HASHED,CHECKSUM_SIDECAR_HASH_ONLY_NO_PUBLIC_IMPORT
170,RESPONSE_LEVEL_BUTTON_CONTROL,BUTTON_CONTROL_DOWNLOAD,841ce7fa161a15605ef5315c0655758296d99456aa59b3b28d604192c8415c55,846,DOWNLOADED_AND_HASHED,EXACT_PUBLIC_BYTES_PRESENT
171,RESPONSE_LEVEL_BUTTON_CONTROL,BUTTON_CONTROL_DOWNLOAD,473656d44853093bfe40f79e53de3feb93545607725a9de30743829dc9badbc0,860,DOWNLOADED_AND_HASHED,EXACT_PUBLIC_BYTES_PRESENT
172,RESPONSE_LEVEL_BUTTON_CONTROL,BUTTON_CONTROL_DOWNLOAD,56a79ed8e88584598b9bcbae4440bf69b027bfc9d3606a24520859646f18e04d,868,DOWNLOADED_AND_HASHED,EXACT_PUBLIC_BYTES_PRESENT
173,RESPONSE_LEVEL_BUTTON_CONTROL,BUTTON_CONTROL_DOWNLOAD,37fcb3c4e965243e42be337cefdee5b49e037140d54dcb4716fc5a7bf264748b,159943,DOWNLOADED_AND_HASHED,PUBLIC_HASH_RECEIPTED_NO_DUPLICATE_IMPORT
174,RESPONSE_LEVEL_BUTTON_CONTROL,BUTTON_CONTROL_DOWNLOAD,6e2ec8be90cca0120765961371ecdbe791b9f1d8538eba82926ef0af107eef2b,117,DOWNLOADED_AND_HASHED,CHECKSUM_SIDECAR_HASH_ONLY_NO_PUBLIC_IMPORT
175,RESPONSE_LEVEL_BUTTON_CONTROL,BUTTON_CONTROL_DOWNLOAD,141deffc4323225e549149ba35b6d2ae55007242459bfb513957420b189a78e8,47570,DOWNLOADED_AND_HASHED,SUPERSEDED_BOUNDARY_CHECKPOINT_PRIVATE_NO_PUBLIC_IMPORT
176,RESPONSE_LEVEL_BUTTON_CONTROL,BUTTON_CONTROL_DOWNLOAD,0e9561dc1dd4c2cd25af5a8b7fdc822b242b57f633d1aca5bc095cbb76a71445,184083,DOWNLOADED_AND_HASHED,PUBLIC_HASH_RECEIPTED_NO_DUPLICATE_IMPORT
177,RESPONSE_LEVEL_BUTTON_CONTROL,BUTTON_CONTROL_DOWNLOAD,9afc6fcc62e6bc9246a1b97b61d45d0323d8c2c4c4e0b7c027da399a74937e02,2267,DOWNLOADED_AND_HASHED,CHECKSUM_SIDECAR_HASH_ONLY_NO_PUBLIC_IMPORT
178,RESPONSE_LEVEL_BUTTON_CONTROL,BUTTON_CONTROL_DOWNLOAD,8eb163780876117acfc155f4ef111db27b0c32e7ea92684d58eb326789aae0c0,243215,DOWNLOADED_AND_HASHED,PUBLIC_HASH_RECEIPTED_NO_DUPLICATE_IMPORT
179,RESPONSE_LEVEL_BUTTON_CONTROL,BUTTON_CONTROL_DOWNLOAD,55690e02458d354c2fe17cb148a61ea86d7d382539e7d6cd8690708fae7df808,118,DOWNLOADED_AND_HASHED,CHECKSUM_SIDECAR_HASH_ONLY_NO_PUBLIC_IMPORT
180,RESPONSE_LEVEL_BUTTON_CONTROL,BUTTON_CONTROL_DOWNLOAD,329300d65e4dc9da735d2f8976a4ff30ba40f82a12ac07e0b097e80a2153961d,214625,DOWNLOADED_AND_HASHED,PUBLIC_HASH_RECEIPTED_NO_DUPLICATE_IMPORT
181,RESPONSE_LEVEL_BUTTON_CONTROL,BUTTON_CONTROL_DOWNLOAD,2bd0783e7c33387b11b5102e3f5bdac97e9903d57e699a3f49303e4349203e9c,117,DOWNLOADED_AND_HASHED,CHECKSUM_SIDECAR_HASH_ONLY_NO_PUBLIC_IMPORT
182,RESPONSE_LEVEL_BUTTON_CONTROL,BUTTON_CONTROL_DOWNLOAD,c74859a1302182c68156e3f9d060f7611def0ab713775d28a6cb08fffe4383cd,1424,DOWNLOADED_AND_HASHED,EXACT_PUBLIC_BYTES_PRESENT
183,RESPONSE_LEVEL_BUTTON_CONTROL,BUTTON_CONTROL_DOWNLOAD,27f9f013860e2ca9c356c7a621ff8f613bb084c5428714bdfb16dbcd554fc75e,2013,DOWNLOADED_AND_HASHED,PUBLIC_HASH_RECEIPTED_NO_DUPLICATE_IMPORT
184,RESPONSE_LEVEL_BUTTON_CONTROL,BUTTON_CONTROL_DOWNLOAD,ec18d0e80adc907ab11da9a21de8816833cbbdc1df389a99efef7fa415fb65c2,305365,DOWNLOADED_AND_HASHED,PUBLIC_HASH_RECEIPTED_NO_DUPLICATE_IMPORT
185,RESPONSE_LEVEL_BUTTON_CONTROL,BUTTON_CONTROL_DOWNLOAD,55690e02458d354c2fe17cb148a61ea86d7d382539e7d6cd8690708fae7df808,118,DOWNLOADED_AND_HASHED,CHECKSUM_SIDECAR_HASH_ONLY_NO_PUBLIC_IMPORT
186,RESPONSE_LEVEL_BUTTON_CONTROL,BUTTON_CONTROL_DOWNLOAD,d7a44100b72218988b3f6d116048d31fffe3997d278e855542207b5a84769e64,276763,DOWNLOADED_AND_HASHED,PUBLIC_HASH_RECEIPTED_NO_DUPLICATE_IMPORT
187,RESPONSE_LEVEL_BUTTON_CONTROL,BUTTON_CONTROL_DOWNLOAD,2bd0783e7c33387b11b5102e3f5bdac97e9903d57e699a3f49303e4349203e9c,117,DOWNLOADED_AND_HASHED,CHECKSUM_SIDECAR_HASH_ONLY_NO_PUBLIC_IMPORT
