row_id,item_kind,expansion_status,has_href,disposition
1,CARD,EXPANDED,False,PRIVATE_UI_INVENTORY_ROW_ACCOUNTED_NO_PUBLIC_BODY_IMPORT
2,CARD,EXPANDED,False,PRIVATE_UI_INVENTORY_ROW_ACCOUNTED_NO_PUBLIC_BODY_IMPORT
3,CARD,EXPANDED,False,PRIVATE_UI_INVENTORY_ROW_ACCOUNTED_NO_PUBLIC_BODY_IMPORT
4,CARD,EXPANDED,False,PRIVATE_UI_INVENTORY_ROW_ACCOUNTED_NO_PUBLIC_BODY_IMPORT
5,CARD,EXPANDED,False,PRIVATE_UI_INVENTORY_ROW_ACCOUNTED_NO_PUBLIC_BODY_IMPORT
6,CARD,EXPANDED,False,PRIVATE_UI_INVENTORY_ROW_ACCOUNTED_NO_PUBLIC_BODY_IMPORT
7,CARD,EXPANDED,False,PRIVATE_UI_INVENTORY_ROW_ACCOUNTED_NO_PUBLIC_BODY_IMPORT
8,CARD,EXPANDED,False,PRIVATE_UI_INVENTORY_ROW_ACCOUNTED_NO_PUBLIC_BODY_IMPORT
9,CARD,EXPANDED,False,PRIVATE_UI_INVENTORY_ROW_ACCOUNTED_NO_PUBLIC_BODY_IMPORT
10,CARD,EXPANDED,False,PRIVATE_UI_INVENTORY_ROW_ACCOUNTED_NO_PUBLIC_BODY_IMPORT
11,CARD,EXPANDED,False,PRIVATE_UI_INVENTORY_ROW_ACCOUNTED_NO_PUBLIC_BODY_IMPORT
12,CARD,EXPANDED,False,PRIVATE_UI_INVENTORY_ROW_ACCOUNTED_NO_PUBLIC_BODY_IMPORT
13,CARD,EXPANDED,False,PRIVATE_UI_INVENTORY_ROW_ACCOUNTED_NO_PUBLIC_BODY_IMPORT
14,CARD,EXPANDED,False,PRIVATE_UI_INVENTORY_ROW_ACCOUNTED_NO_PUBLIC_BODY_IMPORT
15,CARD,EXPANDED,False,PRIVATE_UI_INVENTORY_ROW_ACCOUNTED_NO_PUBLIC_BODY_IMPORT
16,CARD,EXPANDED,False,PRIVATE_UI_INVENTORY_ROW_ACCOUNTED_NO_PUBLIC_BODY_IMPORT
17,CARD,EXPANDED,False,PRIVATE_UI_INVENTORY_ROW_ACCOUNTED_NO_PUBLIC_BODY_IMPORT
18,CARD,EXPANDED,False,PRIVATE_UI_INVENTORY_ROW_ACCOUNTED_NO_PUBLIC_BODY_IMPORT
19,CARD,EXPANDED,False,PRIVATE_UI_INVENTORY_ROW_ACCOUNTED_NO_PUBLIC_BODY_IMPORT
20,CARD,EXPANDED,False,PRIVATE_UI_INVENTORY_ROW_ACCOUNTED_NO_PUBLIC_BODY_IMPORT
21,CARD,EXPANDED,False,PRIVATE_UI_INVENTORY_ROW_ACCOUNTED_NO_PUBLIC_BODY_IMPORT
22,CARD,EXPANDED,False,PRIVATE_UI_INVENTORY_ROW_ACCOUNTED_NO_PUBLIC_BODY_IMPORT
23,LINK,EXPANDED,True,PRIVATE_UI_INVENTORY_ROW_ACCOUNTED_NO_PUBLIC_BODY_IMPORT
24,BUTTON,EXPANDED,False,PRIVATE_UI_INVENTORY_ROW_ACCOUNTED_NO_PUBLIC_BODY_IMPORT
25,BUTTON,EXPANDED,False,PRIVATE_UI_INVENTORY_ROW_ACCOUNTED_NO_PUBLIC_BODY_IMPORT
26,BUTTON,EXPANDED,False,PRIVATE_UI_INVENTORY_ROW_ACCOUNTED_NO_PUBLIC_BODY_IMPORT
27,BUTTON,EXPANDED,False,PRIVATE_UI_INVENTORY_ROW_ACCOUNTED_NO_PUBLIC_BODY_IMPORT
28,BUTTON,EXPANDED,False,PRIVATE_UI_INVENTORY_ROW_ACCOUNTED_NO_PUBLIC_BODY_IMPORT
29,BUTTON,EXPANDED,False,PRIVATE_UI_INVENTORY_ROW_ACCOUNTED_NO_PUBLIC_BODY_IMPORT
30,BUTTON,EXPANDED,False,PRIVATE_UI_INVENTORY_ROW_ACCOUNTED_NO_PUBLIC_BODY_IMPORT
31,BUTTON,EXPANDED,False,PRIVATE_UI_INVENTORY_ROW_ACCOUNTED_NO_PUBLIC_BODY_IMPORT
32,BUTTON,EXPANDED,False,PRIVATE_UI_INVENTORY_ROW_ACCOUNTED_NO_PUBLIC_BODY_IMPORT
33,BUTTON,EXPANDED,False,PRIVATE_UI_INVENTORY_ROW_ACCOUNTED_NO_PUBLIC_BODY_IMPORT
34,BUTTON,EXPANDED,False,PRIVATE_UI_INVENTORY_ROW_ACCOUNTED_NO_PUBLIC_BODY_IMPORT
35,BUTTON,EXPANDED,False,PRIVATE_UI_INVENTORY_ROW_ACCOUNTED_NO_PUBLIC_BODY_IMPORT
36,BUTTON,EXPANDED,False,PRIVATE_UI_INVENTORY_ROW_ACCOUNTED_NO_PUBLIC_BODY_IMPORT
37,BUTTON,EXPANDED,False,PRIVATE_UI_INVENTORY_ROW_ACCOUNTED_NO_PUBLIC_BODY_IMPORT
38,BUTTON,EXPANDED,False,PRIVATE_UI_INVENTORY_ROW_ACCOUNTED_NO_PUBLIC_BODY_IMPORT
39,BUTTON,EXPANDED,False,PRIVATE_UI_INVENTORY_ROW_ACCOUNTED_NO_PUBLIC_BODY_IMPORT
40,BUTTON,EXPANDED,False,PRIVATE_UI_INVENTORY_ROW_ACCOUNTED_NO_PUBLIC_BODY_IMPORT
41,BUTTON,EXPANDED,False,PRIVATE_UI_INVENTORY_ROW_ACCOUNTED_NO_PUBLIC_BODY_IMPORT
42,BUTTON,EXPANDED,False,PRIVATE_UI_INVENTORY_ROW_ACCOUNTED_NO_PUBLIC_BODY_IMPORT
43,BUTTON,EXPANDED,False,PRIVATE_UI_INVENTORY_ROW_ACCOUNTED_NO_PUBLIC_BODY_IMPORT
44,BUTTON,EXPANDED,False,PRIVATE_UI_INVENTORY_ROW_ACCOUNTED_NO_PUBLIC_BODY_IMPORT
45,BUTTON,EXPANDED,False,PRIVATE_UI_INVENTORY_ROW_ACCOUNTED_NO_PUBLIC_BODY_IMPORT
46,BUTTON,EXPANDED,False,PRIVATE_UI_INVENTORY_ROW_ACCOUNTED_NO_PUBLIC_BODY_IMPORT
47,BUTTON,EXPANDED,False,PRIVATE_UI_INVENTORY_ROW_ACCOUNTED_NO_PUBLIC_BODY_IMPORT
48,BUTTON,EXPANDED,False,PRIVATE_UI_INVENTORY_ROW_ACCOUNTED_NO_PUBLIC_BODY_IMPORT
49,BUTTON,EXPANDED,False,PRIVATE_UI_INVENTORY_ROW_ACCOUNTED_NO_PUBLIC_BODY_IMPORT
50,BUTTON,EXPANDED,False,PRIVATE_UI_INVENTORY_ROW_ACCOUNTED_NO_PUBLIC_BODY_IMPORT
51,BUTTON,EXPANDED,False,PRIVATE_UI_INVENTORY_ROW_ACCOUNTED_NO_PUBLIC_BODY_IMPORT
52,BUTTON,EXPANDED,False,PRIVATE_UI_INVENTORY_ROW_ACCOUNTED_NO_PUBLIC_BODY_IMPORT
53,BUTTON,EXPANDED,False,PRIVATE_UI_INVENTORY_ROW_ACCOUNTED_NO_PUBLIC_BODY_IMPORT
54,BUTTON,EXPANDED,False,PRIVATE_UI_INVENTORY_ROW_ACCOUNTED_NO_PUBLIC_BODY_IMPORT
55,BUTTON,EXPANDED,False,PRIVATE_UI_INVENTORY_ROW_ACCOUNTED_NO_PUBLIC_BODY_IMPORT
56,BUTTON,EXPANDED,False,PRIVATE_UI_INVENTORY_ROW_ACCOUNTED_NO_PUBLIC_BODY_IMPORT
57,BUTTON,EXPANDED,False,PRIVATE_UI_INVENTORY_ROW_ACCOUNTED_NO_PUBLIC_BODY_IMPORT
58,BUTTON,EXPANDED,False,PRIVATE_UI_INVENTORY_ROW_ACCOUNTED_NO_PUBLIC_BODY_IMPORT
59,BUTTON,EXPANDED,False,PRIVATE_UI_INVENTORY_ROW_ACCOUNTED_NO_PUBLIC_BODY_IMPORT
60,BUTTON,EXPANDED,False,PRIVATE_UI_INVENTORY_ROW_ACCOUNTED_NO_PUBLIC_BODY_IMPORT
61,BUTTON,EXPANDED,False,PRIVATE_UI_INVENTORY_ROW_ACCOUNTED_NO_PUBLIC_BODY_IMPORT
62,BUTTON,EXPANDED,False,PRIVATE_UI_INVENTORY_ROW_ACCOUNTED_NO_PUBLIC_BODY_IMPORT
63,BUTTON,EXPANDED,False,PRIVATE_UI_INVENTORY_ROW_ACCOUNTED_NO_PUBLIC_BODY_IMPORT
64,BUTTON,EXPANDED,False,PRIVATE_UI_INVENTORY_ROW_ACCOUNTED_NO_PUBLIC_BODY_IMPORT
65,BUTTON,EXPANDED,False,PRIVATE_UI_INVENTORY_ROW_ACCOUNTED_NO_PUBLIC_BODY_IMPORT
66,BUTTON,EXPANDED,False,PRIVATE_UI_INVENTORY_ROW_ACCOUNTED_NO_PUBLIC_BODY_IMPORT
67,BUTTON,EXPANDED,False,PRIVATE_UI_INVENTORY_ROW_ACCOUNTED_NO_PUBLIC_BODY_IMPORT
68,BUTTON,EXPANDED,False,PRIVATE_UI_INVENTORY_ROW_ACCOUNTED_NO_PUBLIC_BODY_IMPORT
69,BUTTON,EXPANDED,False,PRIVATE_UI_INVENTORY_ROW_ACCOUNTED_NO_PUBLIC_BODY_IMPORT
70,BUTTON,EXPANDED,False,PRIVATE_UI_INVENTORY_ROW_ACCOUNTED_NO_PUBLIC_BODY_IMPORT
71,BUTTON,EXPANDED,False,PRIVATE_UI_INVENTORY_ROW_ACCOUNTED_NO_PUBLIC_BODY_IMPORT
72,BUTTON,EXPANDED,False,PRIVATE_UI_INVENTORY_ROW_ACCOUNTED_NO_PUBLIC_BODY_IMPORT
73,BUTTON,EXPANDED,False,PRIVATE_UI_INVENTORY_ROW_ACCOUNTED_NO_PUBLIC_BODY_IMPORT
74,BUTTON,EXPANDED,False,PRIVATE_UI_INVENTORY_ROW_ACCOUNTED_NO_PUBLIC_BODY_IMPORT
75,BUTTON,EXPANDED,False,PRIVATE_UI_INVENTORY_ROW_ACCOUNTED_NO_PUBLIC_BODY_IMPORT
76,BUTTON,EXPANDED,False,PRIVATE_UI_INVENTORY_ROW_ACCOUNTED_NO_PUBLIC_BODY_IMPORT
77,BUTTON,EXPANDED,False,PRIVATE_UI_INVENTORY_ROW_ACCOUNTED_NO_PUBLIC_BODY_IMPORT
78,BUTTON,EXPANDED,False,PRIVATE_UI_INVENTORY_ROW_ACCOUNTED_NO_PUBLIC_BODY_IMPORT
79,BUTTON,EXPANDED,False,PRIVATE_UI_INVENTORY_ROW_ACCOUNTED_NO_PUBLIC_BODY_IMPORT
80,BUTTON,EXPANDED,False,PRIVATE_UI_INVENTORY_ROW_ACCOUNTED_NO_PUBLIC_BODY_IMPORT
81,BUTTON,EXPANDED,False,PRIVATE_UI_INVENTORY_ROW_ACCOUNTED_NO_PUBLIC_BODY_IMPORT
82,BUTTON,EXPANDED,False,PRIVATE_UI_INVENTORY_ROW_ACCOUNTED_NO_PUBLIC_BODY_IMPORT
83,BUTTON,EXPANDED,False,PRIVATE_UI_INVENTORY_ROW_ACCOUNTED_NO_PUBLIC_BODY_IMPORT
84,BUTTON,EXPANDED,False,PRIVATE_UI_INVENTORY_ROW_ACCOUNTED_NO_PUBLIC_BODY_IMPORT
85,BUTTON,EXPANDED,False,PRIVATE_UI_INVENTORY_ROW_ACCOUNTED_NO_PUBLIC_BODY_IMPORT
86,BUTTON,EXPANDED,False,PRIVATE_UI_INVENTORY_ROW_ACCOUNTED_NO_PUBLIC_BODY_IMPORT
87,BUTTON,EXPANDED,False,PRIVATE_UI_INVENTORY_ROW_ACCOUNTED_NO_PUBLIC_BODY_IMPORT
88,BUTTON,EXPANDED,False,PRIVATE_UI_INVENTORY_ROW_ACCOUNTED_NO_PUBLIC_BODY_IMPORT
89,BUTTON,EXPANDED,False,PRIVATE_UI_INVENTORY_ROW_ACCOUNTED_NO_PUBLIC_BODY_IMPORT
90,BUTTON,EXPANDED,False,PRIVATE_UI_INVENTORY_ROW_ACCOUNTED_NO_PUBLIC_BODY_IMPORT
91,BUTTON,EXPANDED,False,PRIVATE_UI_INVENTORY_ROW_ACCOUNTED_NO_PUBLIC_BODY_IMPORT
92,BUTTON,EXPANDED,False,PRIVATE_UI_INVENTORY_ROW_ACCOUNTED_NO_PUBLIC_BODY_IMPORT
93,BUTTON,EXPANDED,False,PRIVATE_UI_INVENTORY_ROW_ACCOUNTED_NO_PUBLIC_BODY_IMPORT
94,BUTTON,EXPANDED,False,PRIVATE_UI_INVENTORY_ROW_ACCOUNTED_NO_PUBLIC_BODY_IMPORT
95,BUTTON,EXPANDED,False,PRIVATE_UI_INVENTORY_ROW_ACCOUNTED_NO_PUBLIC_BODY_IMPORT
96,BUTTON,EXPANDED,False,PRIVATE_UI_INVENTORY_ROW_ACCOUNTED_NO_PUBLIC_BODY_IMPORT
97,BUTTON,EXPANDED,False,PRIVATE_UI_INVENTORY_ROW_ACCOUNTED_NO_PUBLIC_BODY_IMPORT
98,BUTTON,EXPANDED,False,PRIVATE_UI_INVENTORY_ROW_ACCOUNTED_NO_PUBLIC_BODY_IMPORT
99,BUTTON,EXPANDED,False,PRIVATE_UI_INVENTORY_ROW_ACCOUNTED_NO_PUBLIC_BODY_IMPORT
100,BUTTON,EXPANDED,False,PRIVATE_UI_INVENTORY_ROW_ACCOUNTED_NO_PUBLIC_BODY_IMPORT
101,BUTTON,EXPANDED,False,PRIVATE_UI_INVENTORY_ROW_ACCOUNTED_NO_PUBLIC_BODY_IMPORT
102,BUTTON,EXPANDED,False,PRIVATE_UI_INVENTORY_ROW_ACCOUNTED_NO_PUBLIC_BODY_IMPORT
103,BUTTON,EXPANDED,False,PRIVATE_UI_INVENTORY_ROW_ACCOUNTED_NO_PUBLIC_BODY_IMPORT
104,BUTTON,EXPANDED,False,PRIVATE_UI_INVENTORY_ROW_ACCOUNTED_NO_PUBLIC_BODY_IMPORT
105,BUTTON,EXPANDED,False,PRIVATE_UI_INVENTORY_ROW_ACCOUNTED_NO_PUBLIC_BODY_IMPORT
106,BUTTON,EXPANDED,False,PRIVATE_UI_INVENTORY_ROW_ACCOUNTED_NO_PUBLIC_BODY_IMPORT
107,BUTTON,EXPANDED,False,PRIVATE_UI_INVENTORY_ROW_ACCOUNTED_NO_PUBLIC_BODY_IMPORT
108,BUTTON,EXPANDED,False,PRIVATE_UI_INVENTORY_ROW_ACCOUNTED_NO_PUBLIC_BODY_IMPORT
109,BUTTON,EXPANDED,False,PRIVATE_UI_INVENTORY_ROW_ACCOUNTED_NO_PUBLIC_BODY_IMPORT
110,BUTTON,EXPANDED,False,PRIVATE_UI_INVENTORY_ROW_ACCOUNTED_NO_PUBLIC_BODY_IMPORT
111,BUTTON,EXPANDED,False,PRIVATE_UI_INVENTORY_ROW_ACCOUNTED_NO_PUBLIC_BODY_IMPORT
112,BUTTON,EXPANDED,False,PRIVATE_UI_INVENTORY_ROW_ACCOUNTED_NO_PUBLIC_BODY_IMPORT
113,BUTTON,EXPANDED,False,PRIVATE_UI_INVENTORY_ROW_ACCOUNTED_NO_PUBLIC_BODY_IMPORT
114,BUTTON,EXPANDED,False,PRIVATE_UI_INVENTORY_ROW_ACCOUNTED_NO_PUBLIC_BODY_IMPORT
115,BUTTON,EXPANDED,False,PRIVATE_UI_INVENTORY_ROW_ACCOUNTED_NO_PUBLIC_BODY_IMPORT
116,BUTTON,EXPANDED,False,PRIVATE_UI_INVENTORY_ROW_ACCOUNTED_NO_PUBLIC_BODY_IMPORT
117,BUTTON,EXPANDED,False,PRIVATE_UI_INVENTORY_ROW_ACCOUNTED_NO_PUBLIC_BODY_IMPORT
118,BUTTON,EXPANDED,False,PRIVATE_UI_INVENTORY_ROW_ACCOUNTED_NO_PUBLIC_BODY_IMPORT
119,BUTTON,EXPANDED,False,PRIVATE_UI_INVENTORY_ROW_ACCOUNTED_NO_PUBLIC_BODY_IMPORT
120,CARD,EXPANDED,False,PRIVATE_UI_INVENTORY_ROW_ACCOUNTED_NO_PUBLIC_BODY_IMPORT
121,CARD,EXPANDED,False,PRIVATE_UI_INVENTORY_ROW_ACCOUNTED_NO_PUBLIC_BODY_IMPORT
122,CARD,EXPANDED,False,PRIVATE_UI_INVENTORY_ROW_ACCOUNTED_NO_PUBLIC_BODY_IMPORT
123,CARD,EXPANDED,False,PRIVATE_UI_INVENTORY_ROW_ACCOUNTED_NO_PUBLIC_BODY_IMPORT
124,CARD,EXPANDED,False,PRIVATE_UI_INVENTORY_ROW_ACCOUNTED_NO_PUBLIC_BODY_IMPORT
125,CARD,EXPANDED,False,PRIVATE_UI_INVENTORY_ROW_ACCOUNTED_NO_PUBLIC_BODY_IMPORT
126,CARD,EXPANDED,False,PRIVATE_UI_INVENTORY_ROW_ACCOUNTED_NO_PUBLIC_BODY_IMPORT
127,CARD,EXPANDED,False,PRIVATE_UI_INVENTORY_ROW_ACCOUNTED_NO_PUBLIC_BODY_IMPORT
128,CARD,EXPANDED,False,PRIVATE_UI_INVENTORY_ROW_ACCOUNTED_NO_PUBLIC_BODY_IMPORT
129,CARD,EXPANDED,False,PRIVATE_UI_INVENTORY_ROW_ACCOUNTED_NO_PUBLIC_BODY_IMPORT
130,CARD,EXPANDED,False,PRIVATE_UI_INVENTORY_ROW_ACCOUNTED_NO_PUBLIC_BODY_IMPORT
131,CARD,EXPANDED,False,PRIVATE_UI_INVENTORY_ROW_ACCOUNTED_NO_PUBLIC_BODY_IMPORT
132,CARD,EXPANDED,False,PRIVATE_UI_INVENTORY_ROW_ACCOUNTED_NO_PUBLIC_BODY_IMPORT
133,CARD,EXPANDED,False,PRIVATE_UI_INVENTORY_ROW_ACCOUNTED_NO_PUBLIC_BODY_IMPORT
134,CARD,EXPANDED,False,PRIVATE_UI_INVENTORY_ROW_ACCOUNTED_NO_PUBLIC_BODY_IMPORT
135,CARD,EXPANDED,False,PRIVATE_UI_INVENTORY_ROW_ACCOUNTED_NO_PUBLIC_BODY_IMPORT
136,CARD,EXPANDED,False,PRIVATE_UI_INVENTORY_ROW_ACCOUNTED_NO_PUBLIC_BODY_IMPORT
137,CARD,EXPANDED,False,PRIVATE_UI_INVENTORY_ROW_ACCOUNTED_NO_PUBLIC_BODY_IMPORT
138,CARD,EXPANDED,False,PRIVATE_UI_INVENTORY_ROW_ACCOUNTED_NO_PUBLIC_BODY_IMPORT
139,CARD,EXPANDED,False,PRIVATE_UI_INVENTORY_ROW_ACCOUNTED_NO_PUBLIC_BODY_IMPORT
140,CARD,EXPANDED,False,PRIVATE_UI_INVENTORY_ROW_ACCOUNTED_NO_PUBLIC_BODY_IMPORT
141,CARD,EXPANDED,False,PRIVATE_UI_INVENTORY_ROW_ACCOUNTED_NO_PUBLIC_BODY_IMPORT
142,BUTTON,EXPANDED,False,PRIVATE_UI_INVENTORY_ROW_ACCOUNTED_NO_PUBLIC_BODY_IMPORT
143,BUTTON,EXPANDED,False,PRIVATE_UI_INVENTORY_ROW_ACCOUNTED_NO_PUBLIC_BODY_IMPORT
144,BUTTON,EXPANDED,False,PRIVATE_UI_INVENTORY_ROW_ACCOUNTED_NO_PUBLIC_BODY_IMPORT
145,BUTTON,EXPANDED,False,PRIVATE_UI_INVENTORY_ROW_ACCOUNTED_NO_PUBLIC_BODY_IMPORT
146,BUTTON,EXPANDED,False,PRIVATE_UI_INVENTORY_ROW_ACCOUNTED_NO_PUBLIC_BODY_IMPORT
147,BUTTON,EXPANDED,False,PRIVATE_UI_INVENTORY_ROW_ACCOUNTED_NO_PUBLIC_BODY_IMPORT
148,BUTTON,EXPANDED,False,PRIVATE_UI_INVENTORY_ROW_ACCOUNTED_NO_PUBLIC_BODY_IMPORT
149,BUTTON,EXPANDED,False,PRIVATE_UI_INVENTORY_ROW_ACCOUNTED_NO_PUBLIC_BODY_IMPORT
150,BUTTON,EXPANDED,False,PRIVATE_UI_INVENTORY_ROW_ACCOUNTED_NO_PUBLIC_BODY_IMPORT
151,BUTTON,EXPANDED,False,PRIVATE_UI_INVENTORY_ROW_ACCOUNTED_NO_PUBLIC_BODY_IMPORT
152,BUTTON,EXPANDED,False,PRIVATE_UI_INVENTORY_ROW_ACCOUNTED_NO_PUBLIC_BODY_IMPORT
153,BUTTON,EXPANDED,False,PRIVATE_UI_INVENTORY_ROW_ACCOUNTED_NO_PUBLIC_BODY_IMPORT
154,BUTTON,EXPANDED,False,PRIVATE_UI_INVENTORY_ROW_ACCOUNTED_NO_PUBLIC_BODY_IMPORT
155,BUTTON,EXPANDED,False,PRIVATE_UI_INVENTORY_ROW_ACCOUNTED_NO_PUBLIC_BODY_IMPORT
156,BUTTON,EXPANDED,False,PRIVATE_UI_INVENTORY_ROW_ACCOUNTED_NO_PUBLIC_BODY_IMPORT
157,BUTTON,EXPANDED,False,PRIVATE_UI_INVENTORY_ROW_ACCOUNTED_NO_PUBLIC_BODY_IMPORT
158,BUTTON,EXPANDED,False,PRIVATE_UI_INVENTORY_ROW_ACCOUNTED_NO_PUBLIC_BODY_IMPORT
159,BUTTON,EXPANDED,False,PRIVATE_UI_INVENTORY_ROW_ACCOUNTED_NO_PUBLIC_BODY_IMPORT
160,BUTTON,EXPANDED,False,PRIVATE_UI_INVENTORY_ROW_ACCOUNTED_NO_PUBLIC_BODY_IMPORT
161,BUTTON,EXPANDED,False,PRIVATE_UI_INVENTORY_ROW_ACCOUNTED_NO_PUBLIC_BODY_IMPORT
162,BUTTON,EXPANDED,False,PRIVATE_UI_INVENTORY_ROW_ACCOUNTED_NO_PUBLIC_BODY_IMPORT
163,BUTTON,EXPANDED,False,PRIVATE_UI_INVENTORY_ROW_ACCOUNTED_NO_PUBLIC_BODY_IMPORT
164,BUTTON,EXPANDED,False,PRIVATE_UI_INVENTORY_ROW_ACCOUNTED_NO_PUBLIC_BODY_IMPORT
165,BUTTON,EXPANDED,False,PRIVATE_UI_INVENTORY_ROW_ACCOUNTED_NO_PUBLIC_BODY_IMPORT
166,BUTTON,EXPANDED,False,PRIVATE_UI_INVENTORY_ROW_ACCOUNTED_NO_PUBLIC_BODY_IMPORT
167,BUTTON,EXPANDED,False,PRIVATE_UI_INVENTORY_ROW_ACCOUNTED_NO_PUBLIC_BODY_IMPORT
168,BUTTON,EXPANDED,False,PRIVATE_UI_INVENTORY_ROW_ACCOUNTED_NO_PUBLIC_BODY_IMPORT
169,BUTTON,EXPANDED,False,PRIVATE_UI_INVENTORY_ROW_ACCOUNTED_NO_PUBLIC_BODY_IMPORT
170,BUTTON,EXPANDED,False,PRIVATE_UI_INVENTORY_ROW_ACCOUNTED_NO_PUBLIC_BODY_IMPORT
171,BUTTON,EXPANDED,False,PRIVATE_UI_INVENTORY_ROW_ACCOUNTED_NO_PUBLIC_BODY_IMPORT
172,BUTTON,EXPANDED,False,PRIVATE_UI_INVENTORY_ROW_ACCOUNTED_NO_PUBLIC_BODY_IMPORT
173,BUTTON,EXPANDED,False,PRIVATE_UI_INVENTORY_ROW_ACCOUNTED_NO_PUBLIC_BODY_IMPORT
174,BUTTON,EXPANDED,False,PRIVATE_UI_INVENTORY_ROW_ACCOUNTED_NO_PUBLIC_BODY_IMPORT
175,BUTTON,EXPANDED,False,PRIVATE_UI_INVENTORY_ROW_ACCOUNTED_NO_PUBLIC_BODY_IMPORT
176,BUTTON,EXPANDED,False,PRIVATE_UI_INVENTORY_ROW_ACCOUNTED_NO_PUBLIC_BODY_IMPORT
177,BUTTON,EXPANDED,False,PRIVATE_UI_INVENTORY_ROW_ACCOUNTED_NO_PUBLIC_BODY_IMPORT
178,BUTTON,EXPANDED,False,PRIVATE_UI_INVENTORY_ROW_ACCOUNTED_NO_PUBLIC_BODY_IMPORT
179,BUTTON,EXPANDED,False,PRIVATE_UI_INVENTORY_ROW_ACCOUNTED_NO_PUBLIC_BODY_IMPORT
180,BUTTON,EXPANDED,False,PRIVATE_UI_INVENTORY_ROW_ACCOUNTED_NO_PUBLIC_BODY_IMPORT
181,BUTTON,EXPANDED,False,PRIVATE_UI_INVENTORY_ROW_ACCOUNTED_NO_PUBLIC_BODY_IMPORT
182,BUTTON,EXPANDED,False,PRIVATE_UI_INVENTORY_ROW_ACCOUNTED_NO_PUBLIC_BODY_IMPORT
183,BUTTON,EXPANDED,False,PRIVATE_UI_INVENTORY_ROW_ACCOUNTED_NO_PUBLIC_BODY_IMPORT
184,BUTTON,EXPANDED,False,PRIVATE_UI_INVENTORY_ROW_ACCOUNTED_NO_PUBLIC_BODY_IMPORT
185,BUTTON,EXPANDED,False,PRIVATE_UI_INVENTORY_ROW_ACCOUNTED_NO_PUBLIC_BODY_IMPORT
186,BUTTON,EXPANDED,False,PRIVATE_UI_INVENTORY_ROW_ACCOUNTED_NO_PUBLIC_BODY_IMPORT
187,BUTTON,EXPANDED,False,PRIVATE_UI_INVENTORY_ROW_ACCOUNTED_NO_PUBLIC_BODY_IMPORT
188,BUTTON,EXPANDED,False,PRIVATE_UI_INVENTORY_ROW_ACCOUNTED_NO_PUBLIC_BODY_IMPORT
189,BUTTON,EXPANDED,False,PRIVATE_UI_INVENTORY_ROW_ACCOUNTED_NO_PUBLIC_BODY_IMPORT
190,BUTTON,EXPANDED,False,PRIVATE_UI_INVENTORY_ROW_ACCOUNTED_NO_PUBLIC_BODY_IMPORT
191,BUTTON,EXPANDED,False,PRIVATE_UI_INVENTORY_ROW_ACCOUNTED_NO_PUBLIC_BODY_IMPORT
192,BUTTON,EXPANDED,False,PRIVATE_UI_INVENTORY_ROW_ACCOUNTED_NO_PUBLIC_BODY_IMPORT
193,BUTTON,EXPANDED,False,PRIVATE_UI_INVENTORY_ROW_ACCOUNTED_NO_PUBLIC_BODY_IMPORT
194,BUTTON,EXPANDED,False,PRIVATE_UI_INVENTORY_ROW_ACCOUNTED_NO_PUBLIC_BODY_IMPORT
195,BUTTON,EXPANDED,False,PRIVATE_UI_INVENTORY_ROW_ACCOUNTED_NO_PUBLIC_BODY_IMPORT
196,BUTTON,EXPANDED,False,PRIVATE_UI_INVENTORY_ROW_ACCOUNTED_NO_PUBLIC_BODY_IMPORT
197,BUTTON,EXPANDED,False,PRIVATE_UI_INVENTORY_ROW_ACCOUNTED_NO_PUBLIC_BODY_IMPORT
198,BUTTON,EXPANDED,False,PRIVATE_UI_INVENTORY_ROW_ACCOUNTED_NO_PUBLIC_BODY_IMPORT
199,BUTTON,EXPANDED,False,PRIVATE_UI_INVENTORY_ROW_ACCOUNTED_NO_PUBLIC_BODY_IMPORT
200,BUTTON,EXPANDED,False,PRIVATE_UI_INVENTORY_ROW_ACCOUNTED_NO_PUBLIC_BODY_IMPORT
201,BUTTON,EXPANDED,False,PRIVATE_UI_INVENTORY_ROW_ACCOUNTED_NO_PUBLIC_BODY_IMPORT
202,BUTTON,EXPANDED,False,PRIVATE_UI_INVENTORY_ROW_ACCOUNTED_NO_PUBLIC_BODY_IMPORT
203,BUTTON,EXPANDED,False,PRIVATE_UI_INVENTORY_ROW_ACCOUNTED_NO_PUBLIC_BODY_IMPORT
204,BUTTON,EXPANDED,False,PRIVATE_UI_INVENTORY_ROW_ACCOUNTED_NO_PUBLIC_BODY_IMPORT
205,BUTTON,EXPANDED,False,PRIVATE_UI_INVENTORY_ROW_ACCOUNTED_NO_PUBLIC_BODY_IMPORT
206,BUTTON,EXPANDED,False,PRIVATE_UI_INVENTORY_ROW_ACCOUNTED_NO_PUBLIC_BODY_IMPORT
207,BUTTON,EXPANDED,False,PRIVATE_UI_INVENTORY_ROW_ACCOUNTED_NO_PUBLIC_BODY_IMPORT
208,BUTTON,EXPANDED,False,PRIVATE_UI_INVENTORY_ROW_ACCOUNTED_NO_PUBLIC_BODY_IMPORT
209,BUTTON,EXPANDED,False,PRIVATE_UI_INVENTORY_ROW_ACCOUNTED_NO_PUBLIC_BODY_IMPORT
210,BUTTON,EXPANDED,False,PRIVATE_UI_INVENTORY_ROW_ACCOUNTED_NO_PUBLIC_BODY_IMPORT
211,BUTTON,EXPANDED,False,PRIVATE_UI_INVENTORY_ROW_ACCOUNTED_NO_PUBLIC_BODY_IMPORT
212,BUTTON,EXPANDED,False,PRIVATE_UI_INVENTORY_ROW_ACCOUNTED_NO_PUBLIC_BODY_IMPORT
213,BUTTON,EXPANDED,False,PRIVATE_UI_INVENTORY_ROW_ACCOUNTED_NO_PUBLIC_BODY_IMPORT
214,BUTTON,EXPANDED,False,PRIVATE_UI_INVENTORY_ROW_ACCOUNTED_NO_PUBLIC_BODY_IMPORT
215,BUTTON,EXPANDED,False,PRIVATE_UI_INVENTORY_ROW_ACCOUNTED_NO_PUBLIC_BODY_IMPORT
216,BUTTON,EXPANDED,False,PRIVATE_UI_INVENTORY_ROW_ACCOUNTED_NO_PUBLIC_BODY_IMPORT
217,BUTTON,EXPANDED,False,PRIVATE_UI_INVENTORY_ROW_ACCOUNTED_NO_PUBLIC_BODY_IMPORT
218,BUTTON,EXPANDED,False,PRIVATE_UI_INVENTORY_ROW_ACCOUNTED_NO_PUBLIC_BODY_IMPORT
219,BUTTON,EXPANDED,False,PRIVATE_UI_INVENTORY_ROW_ACCOUNTED_NO_PUBLIC_BODY_IMPORT
220,BUTTON,EXPANDED,False,PRIVATE_UI_INVENTORY_ROW_ACCOUNTED_NO_PUBLIC_BODY_IMPORT
221,BUTTON,EXPANDED,False,PRIVATE_UI_INVENTORY_ROW_ACCOUNTED_NO_PUBLIC_BODY_IMPORT
222,BUTTON,EXPANDED,False,PRIVATE_UI_INVENTORY_ROW_ACCOUNTED_NO_PUBLIC_BODY_IMPORT
223,BUTTON,EXPANDED,False,PRIVATE_UI_INVENTORY_ROW_ACCOUNTED_NO_PUBLIC_BODY_IMPORT
224,BUTTON,EXPANDED,False,PRIVATE_UI_INVENTORY_ROW_ACCOUNTED_NO_PUBLIC_BODY_IMPORT
225,BUTTON,EXPANDED,False,PRIVATE_UI_INVENTORY_ROW_ACCOUNTED_NO_PUBLIC_BODY_IMPORT
226,BUTTON,EXPANDED,False,PRIVATE_UI_INVENTORY_ROW_ACCOUNTED_NO_PUBLIC_BODY_IMPORT
227,BUTTON,EXPANDED,False,PRIVATE_UI_INVENTORY_ROW_ACCOUNTED_NO_PUBLIC_BODY_IMPORT
228,BUTTON,EXPANDED,False,PRIVATE_UI_INVENTORY_ROW_ACCOUNTED_NO_PUBLIC_BODY_IMPORT
229,BUTTON,EXPANDED,False,PRIVATE_UI_INVENTORY_ROW_ACCOUNTED_NO_PUBLIC_BODY_IMPORT
230,BUTTON,EXPANDED,False,PRIVATE_UI_INVENTORY_ROW_ACCOUNTED_NO_PUBLIC_BODY_IMPORT
231,BUTTON,EXPANDED,False,PRIVATE_UI_INVENTORY_ROW_ACCOUNTED_NO_PUBLIC_BODY_IMPORT
232,BUTTON,EXPANDED,False,PRIVATE_UI_INVENTORY_ROW_ACCOUNTED_NO_PUBLIC_BODY_IMPORT
233,BUTTON,EXPANDED,False,PRIVATE_UI_INVENTORY_ROW_ACCOUNTED_NO_PUBLIC_BODY_IMPORT
234,BUTTON,EXPANDED,False,PRIVATE_UI_INVENTORY_ROW_ACCOUNTED_NO_PUBLIC_BODY_IMPORT
235,BUTTON,EXPANDED,False,PRIVATE_UI_INVENTORY_ROW_ACCOUNTED_NO_PUBLIC_BODY_IMPORT
236,BUTTON,EXPANDED,False,PRIVATE_UI_INVENTORY_ROW_ACCOUNTED_NO_PUBLIC_BODY_IMPORT
237,BUTTON,EXPANDED,False,PRIVATE_UI_INVENTORY_ROW_ACCOUNTED_NO_PUBLIC_BODY_IMPORT
238,BUTTON,EXPANDED,False,PRIVATE_UI_INVENTORY_ROW_ACCOUNTED_NO_PUBLIC_BODY_IMPORT
239,BUTTON,EXPANDED,False,PRIVATE_UI_INVENTORY_ROW_ACCOUNTED_NO_PUBLIC_BODY_IMPORT
240,BUTTON,EXPANDED,False,PRIVATE_UI_INVENTORY_ROW_ACCOUNTED_NO_PUBLIC_BODY_IMPORT
241,BUTTON,EXPANDED,False,PRIVATE_UI_INVENTORY_ROW_ACCOUNTED_NO_PUBLIC_BODY_IMPORT
242,BUTTON,EXPANDED,False,PRIVATE_UI_INVENTORY_ROW_ACCOUNTED_NO_PUBLIC_BODY_IMPORT
243,BUTTON,EXPANDED,False,PRIVATE_UI_INVENTORY_ROW_ACCOUNTED_NO_PUBLIC_BODY_IMPORT
244,BUTTON,EXPANDED,False,PRIVATE_UI_INVENTORY_ROW_ACCOUNTED_NO_PUBLIC_BODY_IMPORT
245,BUTTON,EXPANDED,False,PRIVATE_UI_INVENTORY_ROW_ACCOUNTED_NO_PUBLIC_BODY_IMPORT
246,BUTTON,EXPANDED,False,PRIVATE_UI_INVENTORY_ROW_ACCOUNTED_NO_PUBLIC_BODY_IMPORT
247,BUTTON,EXPANDED,False,PRIVATE_UI_INVENTORY_ROW_ACCOUNTED_NO_PUBLIC_BODY_IMPORT
248,BUTTON,EXPANDED,False,PRIVATE_UI_INVENTORY_ROW_ACCOUNTED_NO_PUBLIC_BODY_IMPORT
249,BUTTON,EXPANDED,False,PRIVATE_UI_INVENTORY_ROW_ACCOUNTED_NO_PUBLIC_BODY_IMPORT
250,BUTTON,EXPANDED,False,PRIVATE_UI_INVENTORY_ROW_ACCOUNTED_NO_PUBLIC_BODY_IMPORT
251,BUTTON,EXPANDED,False,PRIVATE_UI_INVENTORY_ROW_ACCOUNTED_NO_PUBLIC_BODY_IMPORT
252,BUTTON,EXPANDED,False,PRIVATE_UI_INVENTORY_ROW_ACCOUNTED_NO_PUBLIC_BODY_IMPORT
253,BUTTON,EXPANDED,False,PRIVATE_UI_INVENTORY_ROW_ACCOUNTED_NO_PUBLIC_BODY_IMPORT
254,BUTTON,EXPANDED,False,PRIVATE_UI_INVENTORY_ROW_ACCOUNTED_NO_PUBLIC_BODY_IMPORT
255,BUTTON,EXPANDED,False,PRIVATE_UI_INVENTORY_ROW_ACCOUNTED_NO_PUBLIC_BODY_IMPORT
256,BUTTON,EXPANDED,False,PRIVATE_UI_INVENTORY_ROW_ACCOUNTED_NO_PUBLIC_BODY_IMPORT
257,BUTTON,EXPANDED,False,PRIVATE_UI_INVENTORY_ROW_ACCOUNTED_NO_PUBLIC_BODY_IMPORT
258,BUTTON,EXPANDED,False,PRIVATE_UI_INVENTORY_ROW_ACCOUNTED_NO_PUBLIC_BODY_IMPORT
259,BUTTON,EXPANDED,False,PRIVATE_UI_INVENTORY_ROW_ACCOUNTED_NO_PUBLIC_BODY_IMPORT
260,BUTTON,EXPANDED,False,PRIVATE_UI_INVENTORY_ROW_ACCOUNTED_NO_PUBLIC_BODY_IMPORT
261,BUTTON,EXPANDED,False,PRIVATE_UI_INVENTORY_ROW_ACCOUNTED_NO_PUBLIC_BODY_IMPORT
262,BUTTON,EXPANDED,False,PRIVATE_UI_INVENTORY_ROW_ACCOUNTED_NO_PUBLIC_BODY_IMPORT
263,BUTTON,EXPANDED,False,PRIVATE_UI_INVENTORY_ROW_ACCOUNTED_NO_PUBLIC_BODY_IMPORT
264,BUTTON,EXPANDED,False,PRIVATE_UI_INVENTORY_ROW_ACCOUNTED_NO_PUBLIC_BODY_IMPORT
265,BUTTON,EXPANDED,False,PRIVATE_UI_INVENTORY_ROW_ACCOUNTED_NO_PUBLIC_BODY_IMPORT
266,BUTTON,EXPANDED,False,PRIVATE_UI_INVENTORY_ROW_ACCOUNTED_NO_PUBLIC_BODY_IMPORT
267,BUTTON,EXPANDED,False,PRIVATE_UI_INVENTORY_ROW_ACCOUNTED_NO_PUBLIC_BODY_IMPORT
268,BUTTON,EXPANDED,False,PRIVATE_UI_INVENTORY_ROW_ACCOUNTED_NO_PUBLIC_BODY_IMPORT
269,BUTTON,EXPANDED,False,PRIVATE_UI_INVENTORY_ROW_ACCOUNTED_NO_PUBLIC_BODY_IMPORT
270,BUTTON,EXPANDED,False,PRIVATE_UI_INVENTORY_ROW_ACCOUNTED_NO_PUBLIC_BODY_IMPORT
271,BUTTON,EXPANDED,False,PRIVATE_UI_INVENTORY_ROW_ACCOUNTED_NO_PUBLIC_BODY_IMPORT
272,BUTTON,EXPANDED,False,PRIVATE_UI_INVENTORY_ROW_ACCOUNTED_NO_PUBLIC_BODY_IMPORT
273,BUTTON,EXPANDED,False,PRIVATE_UI_INVENTORY_ROW_ACCOUNTED_NO_PUBLIC_BODY_IMPORT
274,BUTTON,EXPANDED,False,PRIVATE_UI_INVENTORY_ROW_ACCOUNTED_NO_PUBLIC_BODY_IMPORT
275,BUTTON,EXPANDED,False,PRIVATE_UI_INVENTORY_ROW_ACCOUNTED_NO_PUBLIC_BODY_IMPORT
276,BUTTON,EXPANDED,False,PRIVATE_UI_INVENTORY_ROW_ACCOUNTED_NO_PUBLIC_BODY_IMPORT
277,BUTTON,EXPANDED,False,PRIVATE_UI_INVENTORY_ROW_ACCOUNTED_NO_PUBLIC_BODY_IMPORT
278,BUTTON,EXPANDED,False,PRIVATE_UI_INVENTORY_ROW_ACCOUNTED_NO_PUBLIC_BODY_IMPORT
279,BUTTON,EXPANDED,False,PRIVATE_UI_INVENTORY_ROW_ACCOUNTED_NO_PUBLIC_BODY_IMPORT
280,BUTTON,EXPANDED,False,PRIVATE_UI_INVENTORY_ROW_ACCOUNTED_NO_PUBLIC_BODY_IMPORT
281,BUTTON,EXPANDED,False,PRIVATE_UI_INVENTORY_ROW_ACCOUNTED_NO_PUBLIC_BODY_IMPORT
282,BUTTON,EXPANDED,False,PRIVATE_UI_INVENTORY_ROW_ACCOUNTED_NO_PUBLIC_BODY_IMPORT
283,BUTTON,EXPANDED,False,PRIVATE_UI_INVENTORY_ROW_ACCOUNTED_NO_PUBLIC_BODY_IMPORT
284,BUTTON,EXPANDED,False,PRIVATE_UI_INVENTORY_ROW_ACCOUNTED_NO_PUBLIC_BODY_IMPORT
285,BUTTON,EXPANDED,False,PRIVATE_UI_INVENTORY_ROW_ACCOUNTED_NO_PUBLIC_BODY_IMPORT
286,BUTTON,EXPANDED,False,PRIVATE_UI_INVENTORY_ROW_ACCOUNTED_NO_PUBLIC_BODY_IMPORT
287,BUTTON,EXPANDED,False,PRIVATE_UI_INVENTORY_ROW_ACCOUNTED_NO_PUBLIC_BODY_IMPORT
288,BUTTON,EXPANDED,False,PRIVATE_UI_INVENTORY_ROW_ACCOUNTED_NO_PUBLIC_BODY_IMPORT
289,BUTTON,EXPANDED,False,PRIVATE_UI_INVENTORY_ROW_ACCOUNTED_NO_PUBLIC_BODY_IMPORT
290,BUTTON,EXPANDED,False,PRIVATE_UI_INVENTORY_ROW_ACCOUNTED_NO_PUBLIC_BODY_IMPORT
291,BUTTON,EXPANDED,False,PRIVATE_UI_INVENTORY_ROW_ACCOUNTED_NO_PUBLIC_BODY_IMPORT
292,BUTTON,EXPANDED,False,PRIVATE_UI_INVENTORY_ROW_ACCOUNTED_NO_PUBLIC_BODY_IMPORT
293,BUTTON,EXPANDED,False,PRIVATE_UI_INVENTORY_ROW_ACCOUNTED_NO_PUBLIC_BODY_IMPORT
294,BUTTON,EXPANDED,False,PRIVATE_UI_INVENTORY_ROW_ACCOUNTED_NO_PUBLIC_BODY_IMPORT
295,BUTTON,EXPANDED,False,PRIVATE_UI_INVENTORY_ROW_ACCOUNTED_NO_PUBLIC_BODY_IMPORT
296,BUTTON,EXPANDED,False,PRIVATE_UI_INVENTORY_ROW_ACCOUNTED_NO_PUBLIC_BODY_IMPORT
297,BUTTON,EXPANDED,False,PRIVATE_UI_INVENTORY_ROW_ACCOUNTED_NO_PUBLIC_BODY_IMPORT
298,BUTTON,EXPANDED,False,PRIVATE_UI_INVENTORY_ROW_ACCOUNTED_NO_PUBLIC_BODY_IMPORT
299,BUTTON,EXPANDED,False,PRIVATE_UI_INVENTORY_ROW_ACCOUNTED_NO_PUBLIC_BODY_IMPORT
300,BUTTON,EXPANDED,False,PRIVATE_UI_INVENTORY_ROW_ACCOUNTED_NO_PUBLIC_BODY_IMPORT
301,BUTTON,EXPANDED,False,PRIVATE_UI_INVENTORY_ROW_ACCOUNTED_NO_PUBLIC_BODY_IMPORT
302,BUTTON,EXPANDED,False,PRIVATE_UI_INVENTORY_ROW_ACCOUNTED_NO_PUBLIC_BODY_IMPORT
303,BUTTON,EXPANDED,False,PRIVATE_UI_INVENTORY_ROW_ACCOUNTED_NO_PUBLIC_BODY_IMPORT
304,BUTTON,EXPANDED,False,PRIVATE_UI_INVENTORY_ROW_ACCOUNTED_NO_PUBLIC_BODY_IMPORT
305,BUTTON,EXPANDED,False,PRIVATE_UI_INVENTORY_ROW_ACCOUNTED_NO_PUBLIC_BODY_IMPORT
306,BUTTON,EXPANDED,False,PRIVATE_UI_INVENTORY_ROW_ACCOUNTED_NO_PUBLIC_BODY_IMPORT
307,BUTTON,EXPANDED,False,PRIVATE_UI_INVENTORY_ROW_ACCOUNTED_NO_PUBLIC_BODY_IMPORT
308,BUTTON,EXPANDED,False,PRIVATE_UI_INVENTORY_ROW_ACCOUNTED_NO_PUBLIC_BODY_IMPORT
309,BUTTON,EXPANDED,False,PRIVATE_UI_INVENTORY_ROW_ACCOUNTED_NO_PUBLIC_BODY_IMPORT
310,BUTTON,EXPANDED,False,PRIVATE_UI_INVENTORY_ROW_ACCOUNTED_NO_PUBLIC_BODY_IMPORT
311,BUTTON,EXPANDED,False,PRIVATE_UI_INVENTORY_ROW_ACCOUNTED_NO_PUBLIC_BODY_IMPORT
312,BUTTON,EXPANDED,False,PRIVATE_UI_INVENTORY_ROW_ACCOUNTED_NO_PUBLIC_BODY_IMPORT
313,BUTTON,EXPANDED,False,PRIVATE_UI_INVENTORY_ROW_ACCOUNTED_NO_PUBLIC_BODY_IMPORT
314,BUTTON,EXPANDED,False,PRIVATE_UI_INVENTORY_ROW_ACCOUNTED_NO_PUBLIC_BODY_IMPORT
315,BUTTON,EXPANDED,False,PRIVATE_UI_INVENTORY_ROW_ACCOUNTED_NO_PUBLIC_BODY_IMPORT
316,BUTTON,EXPANDED,False,PRIVATE_UI_INVENTORY_ROW_ACCOUNTED_NO_PUBLIC_BODY_IMPORT
317,BUTTON,EXPANDED,False,PRIVATE_UI_INVENTORY_ROW_ACCOUNTED_NO_PUBLIC_BODY_IMPORT
318,BUTTON,EXPANDED,False,PRIVATE_UI_INVENTORY_ROW_ACCOUNTED_NO_PUBLIC_BODY_IMPORT
319,BUTTON,EXPANDED,False,PRIVATE_UI_INVENTORY_ROW_ACCOUNTED_NO_PUBLIC_BODY_IMPORT
320,BUTTON,EXPANDED,False,PRIVATE_UI_INVENTORY_ROW_ACCOUNTED_NO_PUBLIC_BODY_IMPORT
321,BUTTON,EXPANDED,False,PRIVATE_UI_INVENTORY_ROW_ACCOUNTED_NO_PUBLIC_BODY_IMPORT
322,BUTTON,EXPANDED,False,PRIVATE_UI_INVENTORY_ROW_ACCOUNTED_NO_PUBLIC_BODY_IMPORT
323,BUTTON,EXPANDED,False,PRIVATE_UI_INVENTORY_ROW_ACCOUNTED_NO_PUBLIC_BODY_IMPORT
324,BUTTON,EXPANDED,False,PRIVATE_UI_INVENTORY_ROW_ACCOUNTED_NO_PUBLIC_BODY_IMPORT
325,BUTTON,EXPANDED,False,PRIVATE_UI_INVENTORY_ROW_ACCOUNTED_NO_PUBLIC_BODY_IMPORT
326,BUTTON,EXPANDED,False,PRIVATE_UI_INVENTORY_ROW_ACCOUNTED_NO_PUBLIC_BODY_IMPORT
327,BUTTON,EXPANDED,False,PRIVATE_UI_INVENTORY_ROW_ACCOUNTED_NO_PUBLIC_BODY_IMPORT
328,BUTTON,EXPANDED,False,PRIVATE_UI_INVENTORY_ROW_ACCOUNTED_NO_PUBLIC_BODY_IMPORT
329,BUTTON,EXPANDED,False,PRIVATE_UI_INVENTORY_ROW_ACCOUNTED_NO_PUBLIC_BODY_IMPORT
330,BUTTON,EXPANDED,False,PRIVATE_UI_INVENTORY_ROW_ACCOUNTED_NO_PUBLIC_BODY_IMPORT
331,BUTTON,EXPANDED,False,PRIVATE_UI_INVENTORY_ROW_ACCOUNTED_NO_PUBLIC_BODY_IMPORT
332,BUTTON,EXPANDED,False,PRIVATE_UI_INVENTORY_ROW_ACCOUNTED_NO_PUBLIC_BODY_IMPORT
333,BUTTON,EXPANDED,False,PRIVATE_UI_INVENTORY_ROW_ACCOUNTED_NO_PUBLIC_BODY_IMPORT
334,BUTTON,EXPANDED,False,PRIVATE_UI_INVENTORY_ROW_ACCOUNTED_NO_PUBLIC_BODY_IMPORT
335,BUTTON,EXPANDED,False,PRIVATE_UI_INVENTORY_ROW_ACCOUNTED_NO_PUBLIC_BODY_IMPORT
336,BUTTON,EXPANDED,False,PRIVATE_UI_INVENTORY_ROW_ACCOUNTED_NO_PUBLIC_BODY_IMPORT
337,BUTTON,EXPANDED,False,PRIVATE_UI_INVENTORY_ROW_ACCOUNTED_NO_PUBLIC_BODY_IMPORT
338,BUTTON,EXPANDED,False,PRIVATE_UI_INVENTORY_ROW_ACCOUNTED_NO_PUBLIC_BODY_IMPORT
339,BUTTON,EXPANDED,False,PRIVATE_UI_INVENTORY_ROW_ACCOUNTED_NO_PUBLIC_BODY_IMPORT
340,CARD,EXPANDED,False,PRIVATE_UI_INVENTORY_ROW_ACCOUNTED_NO_PUBLIC_BODY_IMPORT
341,CARD,EXPANDED,False,PRIVATE_UI_INVENTORY_ROW_ACCOUNTED_NO_PUBLIC_BODY_IMPORT
342,CARD,EXPANDED,False,PRIVATE_UI_INVENTORY_ROW_ACCOUNTED_NO_PUBLIC_BODY_IMPORT
343,CARD,EXPANDED,False,PRIVATE_UI_INVENTORY_ROW_ACCOUNTED_NO_PUBLIC_BODY_IMPORT
344,CARD,EXPANDED,False,PRIVATE_UI_INVENTORY_ROW_ACCOUNTED_NO_PUBLIC_BODY_IMPORT
345,CARD,EXPANDED,False,PRIVATE_UI_INVENTORY_ROW_ACCOUNTED_NO_PUBLIC_BODY_IMPORT
346,CARD,EXPANDED,False,PRIVATE_UI_INVENTORY_ROW_ACCOUNTED_NO_PUBLIC_BODY_IMPORT
347,CARD,EXPANDED,False,PRIVATE_UI_INVENTORY_ROW_ACCOUNTED_NO_PUBLIC_BODY_IMPORT
348,CARD,EXPANDED,False,PRIVATE_UI_INVENTORY_ROW_ACCOUNTED_NO_PUBLIC_BODY_IMPORT
349,CARD,EXPANDED,False,PRIVATE_UI_INVENTORY_ROW_ACCOUNTED_NO_PUBLIC_BODY_IMPORT
350,CARD,EXPANDED,False,PRIVATE_UI_INVENTORY_ROW_ACCOUNTED_NO_PUBLIC_BODY_IMPORT
351,CARD,EXPANDED,False,PRIVATE_UI_INVENTORY_ROW_ACCOUNTED_NO_PUBLIC_BODY_IMPORT
352,CARD,EXPANDED,False,PRIVATE_UI_INVENTORY_ROW_ACCOUNTED_NO_PUBLIC_BODY_IMPORT
353,CARD,EXPANDED,False,PRIVATE_UI_INVENTORY_ROW_ACCOUNTED_NO_PUBLIC_BODY_IMPORT
354,CARD,EXPANDED,False,PRIVATE_UI_INVENTORY_ROW_ACCOUNTED_NO_PUBLIC_BODY_IMPORT
355,CARD,EXPANDED,False,PRIVATE_UI_INVENTORY_ROW_ACCOUNTED_NO_PUBLIC_BODY_IMPORT
356,CARD,EXPANDED,False,PRIVATE_UI_INVENTORY_ROW_ACCOUNTED_NO_PUBLIC_BODY_IMPORT
357,CARD,EXPANDED,False,PRIVATE_UI_INVENTORY_ROW_ACCOUNTED_NO_PUBLIC_BODY_IMPORT
358,CARD,EXPANDED,False,PRIVATE_UI_INVENTORY_ROW_ACCOUNTED_NO_PUBLIC_BODY_IMPORT
359,CARD,EXPANDED,False,PRIVATE_UI_INVENTORY_ROW_ACCOUNTED_NO_PUBLIC_BODY_IMPORT
360,CARD,EXPANDED,False,PRIVATE_UI_INVENTORY_ROW_ACCOUNTED_NO_PUBLIC_BODY_IMPORT
361,CARD,EXPANDED,False,PRIVATE_UI_INVENTORY_ROW_ACCOUNTED_NO_PUBLIC_BODY_IMPORT
362,CARD,EXPANDED,False,PRIVATE_UI_INVENTORY_ROW_ACCOUNTED_NO_PUBLIC_BODY_IMPORT
363,CARD,EXPANDED,False,PRIVATE_UI_INVENTORY_ROW_ACCOUNTED_NO_PUBLIC_BODY_IMPORT
364,CARD,EXPANDED,False,PRIVATE_UI_INVENTORY_ROW_ACCOUNTED_NO_PUBLIC_BODY_IMPORT
365,CARD,EXPANDED,False,PRIVATE_UI_INVENTORY_ROW_ACCOUNTED_NO_PUBLIC_BODY_IMPORT
366,CARD,EXPANDED,False,PRIVATE_UI_INVENTORY_ROW_ACCOUNTED_NO_PUBLIC_BODY_IMPORT
367,BUTTON,EXPANDED,False,PRIVATE_UI_INVENTORY_ROW_ACCOUNTED_NO_PUBLIC_BODY_IMPORT
368,BUTTON,EXPANDED,False,PRIVATE_UI_INVENTORY_ROW_ACCOUNTED_NO_PUBLIC_BODY_IMPORT
369,BUTTON,EXPANDED,False,PRIVATE_UI_INVENTORY_ROW_ACCOUNTED_NO_PUBLIC_BODY_IMPORT
370,BUTTON,EXPANDED,False,PRIVATE_UI_INVENTORY_ROW_ACCOUNTED_NO_PUBLIC_BODY_IMPORT
371,BUTTON,EXPANDED,False,PRIVATE_UI_INVENTORY_ROW_ACCOUNTED_NO_PUBLIC_BODY_IMPORT
372,BUTTON,EXPANDED,False,PRIVATE_UI_INVENTORY_ROW_ACCOUNTED_NO_PUBLIC_BODY_IMPORT
373,BUTTON,EXPANDED,False,PRIVATE_UI_INVENTORY_ROW_ACCOUNTED_NO_PUBLIC_BODY_IMPORT
374,BUTTON,EXPANDED,False,PRIVATE_UI_INVENTORY_ROW_ACCOUNTED_NO_PUBLIC_BODY_IMPORT
375,BUTTON,EXPANDED,False,PRIVATE_UI_INVENTORY_ROW_ACCOUNTED_NO_PUBLIC_BODY_IMPORT
376,BUTTON,EXPANDED,False,PRIVATE_UI_INVENTORY_ROW_ACCOUNTED_NO_PUBLIC_BODY_IMPORT
377,BUTTON,EXPANDED,False,PRIVATE_UI_INVENTORY_ROW_ACCOUNTED_NO_PUBLIC_BODY_IMPORT
378,BUTTON,EXPANDED,False,PRIVATE_UI_INVENTORY_ROW_ACCOUNTED_NO_PUBLIC_BODY_IMPORT
379,BUTTON,EXPANDED,False,PRIVATE_UI_INVENTORY_ROW_ACCOUNTED_NO_PUBLIC_BODY_IMPORT
380,BUTTON,EXPANDED,False,PRIVATE_UI_INVENTORY_ROW_ACCOUNTED_NO_PUBLIC_BODY_IMPORT
381,BUTTON,EXPANDED,False,PRIVATE_UI_INVENTORY_ROW_ACCOUNTED_NO_PUBLIC_BODY_IMPORT
382,BUTTON,EXPANDED,False,PRIVATE_UI_INVENTORY_ROW_ACCOUNTED_NO_PUBLIC_BODY_IMPORT
383,BUTTON,EXPANDED,False,PRIVATE_UI_INVENTORY_ROW_ACCOUNTED_NO_PUBLIC_BODY_IMPORT
384,BUTTON,EXPANDED,False,PRIVATE_UI_INVENTORY_ROW_ACCOUNTED_NO_PUBLIC_BODY_IMPORT
385,BUTTON,EXPANDED,False,PRIVATE_UI_INVENTORY_ROW_ACCOUNTED_NO_PUBLIC_BODY_IMPORT
386,BUTTON,EXPANDED,False,PRIVATE_UI_INVENTORY_ROW_ACCOUNTED_NO_PUBLIC_BODY_IMPORT
387,BUTTON,EXPANDED,False,PRIVATE_UI_INVENTORY_ROW_ACCOUNTED_NO_PUBLIC_BODY_IMPORT
388,BUTTON,EXPANDED,False,PRIVATE_UI_INVENTORY_ROW_ACCOUNTED_NO_PUBLIC_BODY_IMPORT
389,BUTTON,EXPANDED,False,PRIVATE_UI_INVENTORY_ROW_ACCOUNTED_NO_PUBLIC_BODY_IMPORT
390,BUTTON,EXPANDED,False,PRIVATE_UI_INVENTORY_ROW_ACCOUNTED_NO_PUBLIC_BODY_IMPORT
391,BUTTON,EXPANDED,False,PRIVATE_UI_INVENTORY_ROW_ACCOUNTED_NO_PUBLIC_BODY_IMPORT
392,BUTTON,EXPANDED,False,PRIVATE_UI_INVENTORY_ROW_ACCOUNTED_NO_PUBLIC_BODY_IMPORT
393,BUTTON,EXPANDED,False,PRIVATE_UI_INVENTORY_ROW_ACCOUNTED_NO_PUBLIC_BODY_IMPORT
394,BUTTON,EXPANDED,False,PRIVATE_UI_INVENTORY_ROW_ACCOUNTED_NO_PUBLIC_BODY_IMPORT
395,BUTTON,EXPANDED,False,PRIVATE_UI_INVENTORY_ROW_ACCOUNTED_NO_PUBLIC_BODY_IMPORT
396,BUTTON,EXPANDED,False,PRIVATE_UI_INVENTORY_ROW_ACCOUNTED_NO_PUBLIC_BODY_IMPORT
397,BUTTON,EXPANDED,False,PRIVATE_UI_INVENTORY_ROW_ACCOUNTED_NO_PUBLIC_BODY_IMPORT
398,BUTTON,EXPANDED,False,PRIVATE_UI_INVENTORY_ROW_ACCOUNTED_NO_PUBLIC_BODY_IMPORT
399,BUTTON,EXPANDED,False,PRIVATE_UI_INVENTORY_ROW_ACCOUNTED_NO_PUBLIC_BODY_IMPORT
400,BUTTON,EXPANDED,False,PRIVATE_UI_INVENTORY_ROW_ACCOUNTED_NO_PUBLIC_BODY_IMPORT
401,BUTTON,EXPANDED,False,PRIVATE_UI_INVENTORY_ROW_ACCOUNTED_NO_PUBLIC_BODY_IMPORT
402,BUTTON,EXPANDED,False,PRIVATE_UI_INVENTORY_ROW_ACCOUNTED_NO_PUBLIC_BODY_IMPORT
403,BUTTON,EXPANDED,False,PRIVATE_UI_INVENTORY_ROW_ACCOUNTED_NO_PUBLIC_BODY_IMPORT
404,BUTTON,EXPANDED,False,PRIVATE_UI_INVENTORY_ROW_ACCOUNTED_NO_PUBLIC_BODY_IMPORT
405,BUTTON,EXPANDED,False,PRIVATE_UI_INVENTORY_ROW_ACCOUNTED_NO_PUBLIC_BODY_IMPORT
406,BUTTON,EXPANDED,False,PRIVATE_UI_INVENTORY_ROW_ACCOUNTED_NO_PUBLIC_BODY_IMPORT
407,BUTTON,EXPANDED,False,PRIVATE_UI_INVENTORY_ROW_ACCOUNTED_NO_PUBLIC_BODY_IMPORT
408,BUTTON,EXPANDED,False,PRIVATE_UI_INVENTORY_ROW_ACCOUNTED_NO_PUBLIC_BODY_IMPORT
409,BUTTON,EXPANDED,False,PRIVATE_UI_INVENTORY_ROW_ACCOUNTED_NO_PUBLIC_BODY_IMPORT
410,BUTTON,EXPANDED,False,PRIVATE_UI_INVENTORY_ROW_ACCOUNTED_NO_PUBLIC_BODY_IMPORT
411,BUTTON,EXPANDED,False,PRIVATE_UI_INVENTORY_ROW_ACCOUNTED_NO_PUBLIC_BODY_IMPORT
412,BUTTON,EXPANDED,False,PRIVATE_UI_INVENTORY_ROW_ACCOUNTED_NO_PUBLIC_BODY_IMPORT
413,BUTTON,EXPANDED,False,PRIVATE_UI_INVENTORY_ROW_ACCOUNTED_NO_PUBLIC_BODY_IMPORT
414,BUTTON,EXPANDED,False,PRIVATE_UI_INVENTORY_ROW_ACCOUNTED_NO_PUBLIC_BODY_IMPORT
415,BUTTON,EXPANDED,False,PRIVATE_UI_INVENTORY_ROW_ACCOUNTED_NO_PUBLIC_BODY_IMPORT
416,BUTTON,EXPANDED,False,PRIVATE_UI_INVENTORY_ROW_ACCOUNTED_NO_PUBLIC_BODY_IMPORT
417,BUTTON,EXPANDED,False,PRIVATE_UI_INVENTORY_ROW_ACCOUNTED_NO_PUBLIC_BODY_IMPORT
418,BUTTON,EXPANDED,False,PRIVATE_UI_INVENTORY_ROW_ACCOUNTED_NO_PUBLIC_BODY_IMPORT
419,BUTTON,EXPANDED,False,PRIVATE_UI_INVENTORY_ROW_ACCOUNTED_NO_PUBLIC_BODY_IMPORT
420,BUTTON,EXPANDED,False,PRIVATE_UI_INVENTORY_ROW_ACCOUNTED_NO_PUBLIC_BODY_IMPORT
421,BUTTON,EXPANDED,False,PRIVATE_UI_INVENTORY_ROW_ACCOUNTED_NO_PUBLIC_BODY_IMPORT
422,BUTTON,EXPANDED,False,PRIVATE_UI_INVENTORY_ROW_ACCOUNTED_NO_PUBLIC_BODY_IMPORT
423,BUTTON,EXPANDED,False,PRIVATE_UI_INVENTORY_ROW_ACCOUNTED_NO_PUBLIC_BODY_IMPORT
424,BUTTON,EXPANDED,False,PRIVATE_UI_INVENTORY_ROW_ACCOUNTED_NO_PUBLIC_BODY_IMPORT
425,BUTTON,EXPANDED,False,PRIVATE_UI_INVENTORY_ROW_ACCOUNTED_NO_PUBLIC_BODY_IMPORT
426,BUTTON,EXPANDED,False,PRIVATE_UI_INVENTORY_ROW_ACCOUNTED_NO_PUBLIC_BODY_IMPORT
427,BUTTON,EXPANDED,False,PRIVATE_UI_INVENTORY_ROW_ACCOUNTED_NO_PUBLIC_BODY_IMPORT
428,BUTTON,EXPANDED,False,PRIVATE_UI_INVENTORY_ROW_ACCOUNTED_NO_PUBLIC_BODY_IMPORT
429,BUTTON,EXPANDED,False,PRIVATE_UI_INVENTORY_ROW_ACCOUNTED_NO_PUBLIC_BODY_IMPORT
430,BUTTON,EXPANDED,False,PRIVATE_UI_INVENTORY_ROW_ACCOUNTED_NO_PUBLIC_BODY_IMPORT
431,BUTTON,EXPANDED,False,PRIVATE_UI_INVENTORY_ROW_ACCOUNTED_NO_PUBLIC_BODY_IMPORT
432,BUTTON,EXPANDED,False,PRIVATE_UI_INVENTORY_ROW_ACCOUNTED_NO_PUBLIC_BODY_IMPORT
433,BUTTON,EXPANDED,False,PRIVATE_UI_INVENTORY_ROW_ACCOUNTED_NO_PUBLIC_BODY_IMPORT
434,BUTTON,EXPANDED,False,PRIVATE_UI_INVENTORY_ROW_ACCOUNTED_NO_PUBLIC_BODY_IMPORT
435,BUTTON,EXPANDED,False,PRIVATE_UI_INVENTORY_ROW_ACCOUNTED_NO_PUBLIC_BODY_IMPORT
436,BUTTON,EXPANDED,False,PRIVATE_UI_INVENTORY_ROW_ACCOUNTED_NO_PUBLIC_BODY_IMPORT
437,BUTTON,EXPANDED,False,PRIVATE_UI_INVENTORY_ROW_ACCOUNTED_NO_PUBLIC_BODY_IMPORT
438,BUTTON,EXPANDED,False,PRIVATE_UI_INVENTORY_ROW_ACCOUNTED_NO_PUBLIC_BODY_IMPORT
439,BUTTON,EXPANDED,False,PRIVATE_UI_INVENTORY_ROW_ACCOUNTED_NO_PUBLIC_BODY_IMPORT
440,BUTTON,EXPANDED,False,PRIVATE_UI_INVENTORY_ROW_ACCOUNTED_NO_PUBLIC_BODY_IMPORT
441,BUTTON,EXPANDED,False,PRIVATE_UI_INVENTORY_ROW_ACCOUNTED_NO_PUBLIC_BODY_IMPORT
442,BUTTON,EXPANDED,False,PRIVATE_UI_INVENTORY_ROW_ACCOUNTED_NO_PUBLIC_BODY_IMPORT
443,BUTTON,EXPANDED,False,PRIVATE_UI_INVENTORY_ROW_ACCOUNTED_NO_PUBLIC_BODY_IMPORT
444,BUTTON,EXPANDED,False,PRIVATE_UI_INVENTORY_ROW_ACCOUNTED_NO_PUBLIC_BODY_IMPORT
445,BUTTON,EXPANDED,False,PRIVATE_UI_INVENTORY_ROW_ACCOUNTED_NO_PUBLIC_BODY_IMPORT
446,BUTTON,EXPANDED,False,PRIVATE_UI_INVENTORY_ROW_ACCOUNTED_NO_PUBLIC_BODY_IMPORT
447,BUTTON,EXPANDED,False,PRIVATE_UI_INVENTORY_ROW_ACCOUNTED_NO_PUBLIC_BODY_IMPORT
448,BUTTON,EXPANDED,False,PRIVATE_UI_INVENTORY_ROW_ACCOUNTED_NO_PUBLIC_BODY_IMPORT
449,BUTTON,EXPANDED,False,PRIVATE_UI_INVENTORY_ROW_ACCOUNTED_NO_PUBLIC_BODY_IMPORT
450,BUTTON,EXPANDED,False,PRIVATE_UI_INVENTORY_ROW_ACCOUNTED_NO_PUBLIC_BODY_IMPORT
451,BUTTON,EXPANDED,False,PRIVATE_UI_INVENTORY_ROW_ACCOUNTED_NO_PUBLIC_BODY_IMPORT
452,BUTTON,EXPANDED,False,PRIVATE_UI_INVENTORY_ROW_ACCOUNTED_NO_PUBLIC_BODY_IMPORT
453,BUTTON,EXPANDED,False,PRIVATE_UI_INVENTORY_ROW_ACCOUNTED_NO_PUBLIC_BODY_IMPORT
454,BUTTON,EXPANDED,False,PRIVATE_UI_INVENTORY_ROW_ACCOUNTED_NO_PUBLIC_BODY_IMPORT
455,BUTTON,EXPANDED,False,PRIVATE_UI_INVENTORY_ROW_ACCOUNTED_NO_PUBLIC_BODY_IMPORT
456,BUTTON,EXPANDED,False,PRIVATE_UI_INVENTORY_ROW_ACCOUNTED_NO_PUBLIC_BODY_IMPORT
457,BUTTON,EXPANDED,False,PRIVATE_UI_INVENTORY_ROW_ACCOUNTED_NO_PUBLIC_BODY_IMPORT
458,BUTTON,EXPANDED,False,PRIVATE_UI_INVENTORY_ROW_ACCOUNTED_NO_PUBLIC_BODY_IMPORT
459,BUTTON,EXPANDED,False,PRIVATE_UI_INVENTORY_ROW_ACCOUNTED_NO_PUBLIC_BODY_IMPORT
460,BUTTON,EXPANDED,False,PRIVATE_UI_INVENTORY_ROW_ACCOUNTED_NO_PUBLIC_BODY_IMPORT
461,BUTTON,EXPANDED,False,PRIVATE_UI_INVENTORY_ROW_ACCOUNTED_NO_PUBLIC_BODY_IMPORT
462,BUTTON,EXPANDED,False,PRIVATE_UI_INVENTORY_ROW_ACCOUNTED_NO_PUBLIC_BODY_IMPORT
463,BUTTON,EXPANDED,False,PRIVATE_UI_INVENTORY_ROW_ACCOUNTED_NO_PUBLIC_BODY_IMPORT
464,BUTTON,EXPANDED,False,PRIVATE_UI_INVENTORY_ROW_ACCOUNTED_NO_PUBLIC_BODY_IMPORT
465,BUTTON,EXPANDED,False,PRIVATE_UI_INVENTORY_ROW_ACCOUNTED_NO_PUBLIC_BODY_IMPORT
466,BUTTON,EXPANDED,False,PRIVATE_UI_INVENTORY_ROW_ACCOUNTED_NO_PUBLIC_BODY_IMPORT
467,BUTTON,EXPANDED,False,PRIVATE_UI_INVENTORY_ROW_ACCOUNTED_NO_PUBLIC_BODY_IMPORT
468,BUTTON,EXPANDED,False,PRIVATE_UI_INVENTORY_ROW_ACCOUNTED_NO_PUBLIC_BODY_IMPORT
469,BUTTON,EXPANDED,False,PRIVATE_UI_INVENTORY_ROW_ACCOUNTED_NO_PUBLIC_BODY_IMPORT
470,BUTTON,EXPANDED,False,PRIVATE_UI_INVENTORY_ROW_ACCOUNTED_NO_PUBLIC_BODY_IMPORT
471,BUTTON,EXPANDED,False,PRIVATE_UI_INVENTORY_ROW_ACCOUNTED_NO_PUBLIC_BODY_IMPORT
472,BUTTON,EXPANDED,False,PRIVATE_UI_INVENTORY_ROW_ACCOUNTED_NO_PUBLIC_BODY_IMPORT
473,BUTTON,EXPANDED,False,PRIVATE_UI_INVENTORY_ROW_ACCOUNTED_NO_PUBLIC_BODY_IMPORT
474,BUTTON,EXPANDED,False,PRIVATE_UI_INVENTORY_ROW_ACCOUNTED_NO_PUBLIC_BODY_IMPORT
475,BUTTON,EXPANDED,False,PRIVATE_UI_INVENTORY_ROW_ACCOUNTED_NO_PUBLIC_BODY_IMPORT
476,BUTTON,EXPANDED,False,PRIVATE_UI_INVENTORY_ROW_ACCOUNTED_NO_PUBLIC_BODY_IMPORT
477,BUTTON,EXPANDED,False,PRIVATE_UI_INVENTORY_ROW_ACCOUNTED_NO_PUBLIC_BODY_IMPORT
478,BUTTON,EXPANDED,False,PRIVATE_UI_INVENTORY_ROW_ACCOUNTED_NO_PUBLIC_BODY_IMPORT
479,BUTTON,EXPANDED,False,PRIVATE_UI_INVENTORY_ROW_ACCOUNTED_NO_PUBLIC_BODY_IMPORT
480,BUTTON,EXPANDED,False,PRIVATE_UI_INVENTORY_ROW_ACCOUNTED_NO_PUBLIC_BODY_IMPORT
481,BUTTON,EXPANDED,False,PRIVATE_UI_INVENTORY_ROW_ACCOUNTED_NO_PUBLIC_BODY_IMPORT
482,BUTTON,EXPANDED,False,PRIVATE_UI_INVENTORY_ROW_ACCOUNTED_NO_PUBLIC_BODY_IMPORT
483,BUTTON,EXPANDED,False,PRIVATE_UI_INVENTORY_ROW_ACCOUNTED_NO_PUBLIC_BODY_IMPORT
484,CARD,EXPANDED,False,PRIVATE_UI_INVENTORY_ROW_ACCOUNTED_NO_PUBLIC_BODY_IMPORT
485,CARD,EXPANDED,False,PRIVATE_UI_INVENTORY_ROW_ACCOUNTED_NO_PUBLIC_BODY_IMPORT
486,CARD,EXPANDED,False,PRIVATE_UI_INVENTORY_ROW_ACCOUNTED_NO_PUBLIC_BODY_IMPORT
487,CARD,EXPANDED,False,PRIVATE_UI_INVENTORY_ROW_ACCOUNTED_NO_PUBLIC_BODY_IMPORT
488,CARD,EXPANDED,False,PRIVATE_UI_INVENTORY_ROW_ACCOUNTED_NO_PUBLIC_BODY_IMPORT
489,CARD,EXPANDED,False,PRIVATE_UI_INVENTORY_ROW_ACCOUNTED_NO_PUBLIC_BODY_IMPORT
490,CARD,EXPANDED,False,PRIVATE_UI_INVENTORY_ROW_ACCOUNTED_NO_PUBLIC_BODY_IMPORT
491,CARD,EXPANDED,False,PRIVATE_UI_INVENTORY_ROW_ACCOUNTED_NO_PUBLIC_BODY_IMPORT
492,CARD,EXPANDED,False,PRIVATE_UI_INVENTORY_ROW_ACCOUNTED_NO_PUBLIC_BODY_IMPORT
493,CARD,EXPANDED,False,PRIVATE_UI_INVENTORY_ROW_ACCOUNTED_NO_PUBLIC_BODY_IMPORT
494,CARD,EXPANDED,False,PRIVATE_UI_INVENTORY_ROW_ACCOUNTED_NO_PUBLIC_BODY_IMPORT
495,CARD,EXPANDED,False,PRIVATE_UI_INVENTORY_ROW_ACCOUNTED_NO_PUBLIC_BODY_IMPORT
496,BUTTON,EXPANDED,False,PRIVATE_UI_INVENTORY_ROW_ACCOUNTED_NO_PUBLIC_BODY_IMPORT
497,BUTTON,EXPANDED,False,PRIVATE_UI_INVENTORY_ROW_ACCOUNTED_NO_PUBLIC_BODY_IMPORT
498,BUTTON,EXPANDED,False,PRIVATE_UI_INVENTORY_ROW_ACCOUNTED_NO_PUBLIC_BODY_IMPORT
499,BUTTON,EXPANDED,False,PRIVATE_UI_INVENTORY_ROW_ACCOUNTED_NO_PUBLIC_BODY_IMPORT
500,BUTTON,EXPANDED,False,PRIVATE_UI_INVENTORY_ROW_ACCOUNTED_NO_PUBLIC_BODY_IMPORT
501,BUTTON,EXPANDED,False,PRIVATE_UI_INVENTORY_ROW_ACCOUNTED_NO_PUBLIC_BODY_IMPORT
502,BUTTON,EXPANDED,False,PRIVATE_UI_INVENTORY_ROW_ACCOUNTED_NO_PUBLIC_BODY_IMPORT
503,BUTTON,EXPANDED,False,PRIVATE_UI_INVENTORY_ROW_ACCOUNTED_NO_PUBLIC_BODY_IMPORT
504,BUTTON,EXPANDED,False,PRIVATE_UI_INVENTORY_ROW_ACCOUNTED_NO_PUBLIC_BODY_IMPORT
505,BUTTON,EXPANDED,False,PRIVATE_UI_INVENTORY_ROW_ACCOUNTED_NO_PUBLIC_BODY_IMPORT
506,BUTTON,EXPANDED,False,PRIVATE_UI_INVENTORY_ROW_ACCOUNTED_NO_PUBLIC_BODY_IMPORT
507,BUTTON,EXPANDED,False,PRIVATE_UI_INVENTORY_ROW_ACCOUNTED_NO_PUBLIC_BODY_IMPORT
508,BUTTON,EXPANDED,False,PRIVATE_UI_INVENTORY_ROW_ACCOUNTED_NO_PUBLIC_BODY_IMPORT
509,BUTTON,EXPANDED,False,PRIVATE_UI_INVENTORY_ROW_ACCOUNTED_NO_PUBLIC_BODY_IMPORT
510,BUTTON,EXPANDED,False,PRIVATE_UI_INVENTORY_ROW_ACCOUNTED_NO_PUBLIC_BODY_IMPORT
511,BUTTON,EXPANDED,False,PRIVATE_UI_INVENTORY_ROW_ACCOUNTED_NO_PUBLIC_BODY_IMPORT
512,BUTTON,EXPANDED,False,PRIVATE_UI_INVENTORY_ROW_ACCOUNTED_NO_PUBLIC_BODY_IMPORT
513,BUTTON,EXPANDED,False,PRIVATE_UI_INVENTORY_ROW_ACCOUNTED_NO_PUBLIC_BODY_IMPORT
514,BUTTON,EXPANDED,False,PRIVATE_UI_INVENTORY_ROW_ACCOUNTED_NO_PUBLIC_BODY_IMPORT
515,BUTTON,EXPANDED,False,PRIVATE_UI_INVENTORY_ROW_ACCOUNTED_NO_PUBLIC_BODY_IMPORT
516,BUTTON,EXPANDED,False,PRIVATE_UI_INVENTORY_ROW_ACCOUNTED_NO_PUBLIC_BODY_IMPORT
517,BUTTON,EXPANDED,False,PRIVATE_UI_INVENTORY_ROW_ACCOUNTED_NO_PUBLIC_BODY_IMPORT
518,BUTTON,EXPANDED,False,PRIVATE_UI_INVENTORY_ROW_ACCOUNTED_NO_PUBLIC_BODY_IMPORT
519,BUTTON,EXPANDED,False,PRIVATE_UI_INVENTORY_ROW_ACCOUNTED_NO_PUBLIC_BODY_IMPORT
520,BUTTON,EXPANDED,False,PRIVATE_UI_INVENTORY_ROW_ACCOUNTED_NO_PUBLIC_BODY_IMPORT
521,BUTTON,EXPANDED,False,PRIVATE_UI_INVENTORY_ROW_ACCOUNTED_NO_PUBLIC_BODY_IMPORT
522,BUTTON,EXPANDED,False,PRIVATE_UI_INVENTORY_ROW_ACCOUNTED_NO_PUBLIC_BODY_IMPORT
523,BUTTON,EXPANDED,False,PRIVATE_UI_INVENTORY_ROW_ACCOUNTED_NO_PUBLIC_BODY_IMPORT
524,BUTTON,EXPANDED,False,PRIVATE_UI_INVENTORY_ROW_ACCOUNTED_NO_PUBLIC_BODY_IMPORT
525,BUTTON,EXPANDED,False,PRIVATE_UI_INVENTORY_ROW_ACCOUNTED_NO_PUBLIC_BODY_IMPORT
526,BUTTON,EXPANDED,False,PRIVATE_UI_INVENTORY_ROW_ACCOUNTED_NO_PUBLIC_BODY_IMPORT
527,BUTTON,EXPANDED,False,PRIVATE_UI_INVENTORY_ROW_ACCOUNTED_NO_PUBLIC_BODY_IMPORT
528,BUTTON,EXPANDED,False,PRIVATE_UI_INVENTORY_ROW_ACCOUNTED_NO_PUBLIC_BODY_IMPORT
529,BUTTON,EXPANDED,False,PRIVATE_UI_INVENTORY_ROW_ACCOUNTED_NO_PUBLIC_BODY_IMPORT
530,BUTTON,EXPANDED,False,PRIVATE_UI_INVENTORY_ROW_ACCOUNTED_NO_PUBLIC_BODY_IMPORT
531,BUTTON,EXPANDED,False,PRIVATE_UI_INVENTORY_ROW_ACCOUNTED_NO_PUBLIC_BODY_IMPORT
532,BUTTON,EXPANDED,False,PRIVATE_UI_INVENTORY_ROW_ACCOUNTED_NO_PUBLIC_BODY_IMPORT
533,BUTTON,EXPANDED,False,PRIVATE_UI_INVENTORY_ROW_ACCOUNTED_NO_PUBLIC_BODY_IMPORT
534,BUTTON,EXPANDED,False,PRIVATE_UI_INVENTORY_ROW_ACCOUNTED_NO_PUBLIC_BODY_IMPORT
535,BUTTON,EXPANDED,False,PRIVATE_UI_INVENTORY_ROW_ACCOUNTED_NO_PUBLIC_BODY_IMPORT
536,BUTTON,EXPANDED,False,PRIVATE_UI_INVENTORY_ROW_ACCOUNTED_NO_PUBLIC_BODY_IMPORT
537,BUTTON,EXPANDED,False,PRIVATE_UI_INVENTORY_ROW_ACCOUNTED_NO_PUBLIC_BODY_IMPORT
538,BUTTON,EXPANDED,False,PRIVATE_UI_INVENTORY_ROW_ACCOUNTED_NO_PUBLIC_BODY_IMPORT
539,BUTTON,EXPANDED,False,PRIVATE_UI_INVENTORY_ROW_ACCOUNTED_NO_PUBLIC_BODY_IMPORT
540,BUTTON,EXPANDED,False,PRIVATE_UI_INVENTORY_ROW_ACCOUNTED_NO_PUBLIC_BODY_IMPORT
541,BUTTON,EXPANDED,False,PRIVATE_UI_INVENTORY_ROW_ACCOUNTED_NO_PUBLIC_BODY_IMPORT
542,BUTTON,EXPANDED,False,PRIVATE_UI_INVENTORY_ROW_ACCOUNTED_NO_PUBLIC_BODY_IMPORT
543,BUTTON,EXPANDED,False,PRIVATE_UI_INVENTORY_ROW_ACCOUNTED_NO_PUBLIC_BODY_IMPORT
544,BUTTON,EXPANDED,False,PRIVATE_UI_INVENTORY_ROW_ACCOUNTED_NO_PUBLIC_BODY_IMPORT
545,BUTTON,EXPANDED,False,PRIVATE_UI_INVENTORY_ROW_ACCOUNTED_NO_PUBLIC_BODY_IMPORT
546,BUTTON,EXPANDED,False,PRIVATE_UI_INVENTORY_ROW_ACCOUNTED_NO_PUBLIC_BODY_IMPORT
547,BUTTON,EXPANDED,False,PRIVATE_UI_INVENTORY_ROW_ACCOUNTED_NO_PUBLIC_BODY_IMPORT
548,BUTTON,EXPANDED,False,PRIVATE_UI_INVENTORY_ROW_ACCOUNTED_NO_PUBLIC_BODY_IMPORT
549,BUTTON,EXPANDED,False,PRIVATE_UI_INVENTORY_ROW_ACCOUNTED_NO_PUBLIC_BODY_IMPORT
550,BUTTON,EXPANDED,False,PRIVATE_UI_INVENTORY_ROW_ACCOUNTED_NO_PUBLIC_BODY_IMPORT
551,BUTTON,EXPANDED,False,PRIVATE_UI_INVENTORY_ROW_ACCOUNTED_NO_PUBLIC_BODY_IMPORT
552,BUTTON,EXPANDED,False,PRIVATE_UI_INVENTORY_ROW_ACCOUNTED_NO_PUBLIC_BODY_IMPORT
553,BUTTON,EXPANDED,False,PRIVATE_UI_INVENTORY_ROW_ACCOUNTED_NO_PUBLIC_BODY_IMPORT
554,BUTTON,EXPANDED,False,PRIVATE_UI_INVENTORY_ROW_ACCOUNTED_NO_PUBLIC_BODY_IMPORT
555,BUTTON,EXPANDED,False,PRIVATE_UI_INVENTORY_ROW_ACCOUNTED_NO_PUBLIC_BODY_IMPORT
556,BUTTON,EXPANDED,False,PRIVATE_UI_INVENTORY_ROW_ACCOUNTED_NO_PUBLIC_BODY_IMPORT
557,BUTTON,EXPANDED,False,PRIVATE_UI_INVENTORY_ROW_ACCOUNTED_NO_PUBLIC_BODY_IMPORT
558,BUTTON,EXPANDED,False,PRIVATE_UI_INVENTORY_ROW_ACCOUNTED_NO_PUBLIC_BODY_IMPORT
559,BUTTON,EXPANDED,False,PRIVATE_UI_INVENTORY_ROW_ACCOUNTED_NO_PUBLIC_BODY_IMPORT
560,BUTTON,EXPANDED,False,PRIVATE_UI_INVENTORY_ROW_ACCOUNTED_NO_PUBLIC_BODY_IMPORT
561,BUTTON,EXPANDED,False,PRIVATE_UI_INVENTORY_ROW_ACCOUNTED_NO_PUBLIC_BODY_IMPORT
562,BUTTON,EXPANDED,False,PRIVATE_UI_INVENTORY_ROW_ACCOUNTED_NO_PUBLIC_BODY_IMPORT
563,BUTTON,EXPANDED,False,PRIVATE_UI_INVENTORY_ROW_ACCOUNTED_NO_PUBLIC_BODY_IMPORT
564,BUTTON,EXPANDED,False,PRIVATE_UI_INVENTORY_ROW_ACCOUNTED_NO_PUBLIC_BODY_IMPORT
565,BUTTON,EXPANDED,False,PRIVATE_UI_INVENTORY_ROW_ACCOUNTED_NO_PUBLIC_BODY_IMPORT
566,BUTTON,EXPANDED,False,PRIVATE_UI_INVENTORY_ROW_ACCOUNTED_NO_PUBLIC_BODY_IMPORT
567,BUTTON,EXPANDED,False,PRIVATE_UI_INVENTORY_ROW_ACCOUNTED_NO_PUBLIC_BODY_IMPORT
568,BUTTON,EXPANDED,False,PRIVATE_UI_INVENTORY_ROW_ACCOUNTED_NO_PUBLIC_BODY_IMPORT
569,BUTTON,EXPANDED,False,PRIVATE_UI_INVENTORY_ROW_ACCOUNTED_NO_PUBLIC_BODY_IMPORT
570,BUTTON,EXPANDED,False,PRIVATE_UI_INVENTORY_ROW_ACCOUNTED_NO_PUBLIC_BODY_IMPORT
571,BUTTON,EXPANDED,False,PRIVATE_UI_INVENTORY_ROW_ACCOUNTED_NO_PUBLIC_BODY_IMPORT
572,BUTTON,EXPANDED,False,PRIVATE_UI_INVENTORY_ROW_ACCOUNTED_NO_PUBLIC_BODY_IMPORT
573,BUTTON,EXPANDED,False,PRIVATE_UI_INVENTORY_ROW_ACCOUNTED_NO_PUBLIC_BODY_IMPORT
574,BUTTON,EXPANDED,False,PRIVATE_UI_INVENTORY_ROW_ACCOUNTED_NO_PUBLIC_BODY_IMPORT
575,BUTTON,EXPANDED,False,PRIVATE_UI_INVENTORY_ROW_ACCOUNTED_NO_PUBLIC_BODY_IMPORT
576,BUTTON,EXPANDED,False,PRIVATE_UI_INVENTORY_ROW_ACCOUNTED_NO_PUBLIC_BODY_IMPORT
577,BUTTON,EXPANDED,False,PRIVATE_UI_INVENTORY_ROW_ACCOUNTED_NO_PUBLIC_BODY_IMPORT
578,BUTTON,EXPANDED,False,PRIVATE_UI_INVENTORY_ROW_ACCOUNTED_NO_PUBLIC_BODY_IMPORT
579,CARD,EXPANDED,False,PRIVATE_UI_INVENTORY_ROW_ACCOUNTED_NO_PUBLIC_BODY_IMPORT
580,CARD,EXPANDED,False,PRIVATE_UI_INVENTORY_ROW_ACCOUNTED_NO_PUBLIC_BODY_IMPORT
581,CARD,EXPANDED,False,PRIVATE_UI_INVENTORY_ROW_ACCOUNTED_NO_PUBLIC_BODY_IMPORT
582,CARD,EXPANDED,False,PRIVATE_UI_INVENTORY_ROW_ACCOUNTED_NO_PUBLIC_BODY_IMPORT
583,CARD,EXPANDED,False,PRIVATE_UI_INVENTORY_ROW_ACCOUNTED_NO_PUBLIC_BODY_IMPORT
584,CARD,EXPANDED,False,PRIVATE_UI_INVENTORY_ROW_ACCOUNTED_NO_PUBLIC_BODY_IMPORT
585,CARD,EXPANDED,False,PRIVATE_UI_INVENTORY_ROW_ACCOUNTED_NO_PUBLIC_BODY_IMPORT
586,CARD,EXPANDED,False,PRIVATE_UI_INVENTORY_ROW_ACCOUNTED_NO_PUBLIC_BODY_IMPORT
587,CARD,EXPANDED,False,PRIVATE_UI_INVENTORY_ROW_ACCOUNTED_NO_PUBLIC_BODY_IMPORT
588,CARD,EXPANDED,False,PRIVATE_UI_INVENTORY_ROW_ACCOUNTED_NO_PUBLIC_BODY_IMPORT
589,CARD,EXPANDED,False,PRIVATE_UI_INVENTORY_ROW_ACCOUNTED_NO_PUBLIC_BODY_IMPORT
590,CARD,EXPANDED,False,PRIVATE_UI_INVENTORY_ROW_ACCOUNTED_NO_PUBLIC_BODY_IMPORT
591,CARD,EXPANDED,False,PRIVATE_UI_INVENTORY_ROW_ACCOUNTED_NO_PUBLIC_BODY_IMPORT
592,CARD,EXPANDED,False,PRIVATE_UI_INVENTORY_ROW_ACCOUNTED_NO_PUBLIC_BODY_IMPORT
593,CARD,EXPANDED,False,PRIVATE_UI_INVENTORY_ROW_ACCOUNTED_NO_PUBLIC_BODY_IMPORT
594,CARD,EXPANDED,False,PRIVATE_UI_INVENTORY_ROW_ACCOUNTED_NO_PUBLIC_BODY_IMPORT
595,CARD,EXPANDED,False,PRIVATE_UI_INVENTORY_ROW_ACCOUNTED_NO_PUBLIC_BODY_IMPORT
596,BUTTON,EXPANDED,False,PRIVATE_UI_INVENTORY_ROW_ACCOUNTED_NO_PUBLIC_BODY_IMPORT
597,BUTTON,EXPANDED,False,PRIVATE_UI_INVENTORY_ROW_ACCOUNTED_NO_PUBLIC_BODY_IMPORT
598,BUTTON,EXPANDED,False,PRIVATE_UI_INVENTORY_ROW_ACCOUNTED_NO_PUBLIC_BODY_IMPORT
599,BUTTON,EXPANDED,False,PRIVATE_UI_INVENTORY_ROW_ACCOUNTED_NO_PUBLIC_BODY_IMPORT
600,BUTTON,EXPANDED,False,PRIVATE_UI_INVENTORY_ROW_ACCOUNTED_NO_PUBLIC_BODY_IMPORT
601,BUTTON,EXPANDED,False,PRIVATE_UI_INVENTORY_ROW_ACCOUNTED_NO_PUBLIC_BODY_IMPORT
602,BUTTON,EXPANDED,False,PRIVATE_UI_INVENTORY_ROW_ACCOUNTED_NO_PUBLIC_BODY_IMPORT
603,BUTTON,EXPANDED,False,PRIVATE_UI_INVENTORY_ROW_ACCOUNTED_NO_PUBLIC_BODY_IMPORT
604,BUTTON,EXPANDED,False,PRIVATE_UI_INVENTORY_ROW_ACCOUNTED_NO_PUBLIC_BODY_IMPORT
605,BUTTON,EXPANDED,False,PRIVATE_UI_INVENTORY_ROW_ACCOUNTED_NO_PUBLIC_BODY_IMPORT
606,BUTTON,EXPANDED,False,PRIVATE_UI_INVENTORY_ROW_ACCOUNTED_NO_PUBLIC_BODY_IMPORT
607,BUTTON,EXPANDED,False,PRIVATE_UI_INVENTORY_ROW_ACCOUNTED_NO_PUBLIC_BODY_IMPORT
608,BUTTON,EXPANDED,False,PRIVATE_UI_INVENTORY_ROW_ACCOUNTED_NO_PUBLIC_BODY_IMPORT
609,BUTTON,EXPANDED,False,PRIVATE_UI_INVENTORY_ROW_ACCOUNTED_NO_PUBLIC_BODY_IMPORT
610,BUTTON,EXPANDED,False,PRIVATE_UI_INVENTORY_ROW_ACCOUNTED_NO_PUBLIC_BODY_IMPORT
611,BUTTON,EXPANDED,False,PRIVATE_UI_INVENTORY_ROW_ACCOUNTED_NO_PUBLIC_BODY_IMPORT
612,BUTTON,EXPANDED,False,PRIVATE_UI_INVENTORY_ROW_ACCOUNTED_NO_PUBLIC_BODY_IMPORT
613,BUTTON,EXPANDED,False,PRIVATE_UI_INVENTORY_ROW_ACCOUNTED_NO_PUBLIC_BODY_IMPORT
614,BUTTON,EXPANDED,False,PRIVATE_UI_INVENTORY_ROW_ACCOUNTED_NO_PUBLIC_BODY_IMPORT
615,BUTTON,EXPANDED,False,PRIVATE_UI_INVENTORY_ROW_ACCOUNTED_NO_PUBLIC_BODY_IMPORT
616,BUTTON,EXPANDED,False,PRIVATE_UI_INVENTORY_ROW_ACCOUNTED_NO_PUBLIC_BODY_IMPORT
617,BUTTON,EXPANDED,False,PRIVATE_UI_INVENTORY_ROW_ACCOUNTED_NO_PUBLIC_BODY_IMPORT
618,BUTTON,EXPANDED,False,PRIVATE_UI_INVENTORY_ROW_ACCOUNTED_NO_PUBLIC_BODY_IMPORT
619,BUTTON,EXPANDED,False,PRIVATE_UI_INVENTORY_ROW_ACCOUNTED_NO_PUBLIC_BODY_IMPORT
620,BUTTON,EXPANDED,False,PRIVATE_UI_INVENTORY_ROW_ACCOUNTED_NO_PUBLIC_BODY_IMPORT
621,BUTTON,EXPANDED,False,PRIVATE_UI_INVENTORY_ROW_ACCOUNTED_NO_PUBLIC_BODY_IMPORT
622,BUTTON,EXPANDED,False,PRIVATE_UI_INVENTORY_ROW_ACCOUNTED_NO_PUBLIC_BODY_IMPORT
623,BUTTON,EXPANDED,False,PRIVATE_UI_INVENTORY_ROW_ACCOUNTED_NO_PUBLIC_BODY_IMPORT
624,BUTTON,EXPANDED,False,PRIVATE_UI_INVENTORY_ROW_ACCOUNTED_NO_PUBLIC_BODY_IMPORT
625,BUTTON,EXPANDED,False,PRIVATE_UI_INVENTORY_ROW_ACCOUNTED_NO_PUBLIC_BODY_IMPORT
626,BUTTON,EXPANDED,False,PRIVATE_UI_INVENTORY_ROW_ACCOUNTED_NO_PUBLIC_BODY_IMPORT
627,BUTTON,EXPANDED,False,PRIVATE_UI_INVENTORY_ROW_ACCOUNTED_NO_PUBLIC_BODY_IMPORT
628,BUTTON,EXPANDED,False,PRIVATE_UI_INVENTORY_ROW_ACCOUNTED_NO_PUBLIC_BODY_IMPORT
629,BUTTON,EXPANDED,False,PRIVATE_UI_INVENTORY_ROW_ACCOUNTED_NO_PUBLIC_BODY_IMPORT
630,BUTTON,EXPANDED,False,PRIVATE_UI_INVENTORY_ROW_ACCOUNTED_NO_PUBLIC_BODY_IMPORT
631,BUTTON,EXPANDED,False,PRIVATE_UI_INVENTORY_ROW_ACCOUNTED_NO_PUBLIC_BODY_IMPORT
632,BUTTON,EXPANDED,False,PRIVATE_UI_INVENTORY_ROW_ACCOUNTED_NO_PUBLIC_BODY_IMPORT
633,BUTTON,EXPANDED,False,PRIVATE_UI_INVENTORY_ROW_ACCOUNTED_NO_PUBLIC_BODY_IMPORT
634,BUTTON,EXPANDED,False,PRIVATE_UI_INVENTORY_ROW_ACCOUNTED_NO_PUBLIC_BODY_IMPORT
635,BUTTON,EXPANDED,False,PRIVATE_UI_INVENTORY_ROW_ACCOUNTED_NO_PUBLIC_BODY_IMPORT
636,BUTTON,EXPANDED,False,PRIVATE_UI_INVENTORY_ROW_ACCOUNTED_NO_PUBLIC_BODY_IMPORT
637,BUTTON,EXPANDED,False,PRIVATE_UI_INVENTORY_ROW_ACCOUNTED_NO_PUBLIC_BODY_IMPORT
638,BUTTON,EXPANDED,False,PRIVATE_UI_INVENTORY_ROW_ACCOUNTED_NO_PUBLIC_BODY_IMPORT
639,BUTTON,EXPANDED,False,PRIVATE_UI_INVENTORY_ROW_ACCOUNTED_NO_PUBLIC_BODY_IMPORT
640,BUTTON,EXPANDED,False,PRIVATE_UI_INVENTORY_ROW_ACCOUNTED_NO_PUBLIC_BODY_IMPORT
641,BUTTON,EXPANDED,False,PRIVATE_UI_INVENTORY_ROW_ACCOUNTED_NO_PUBLIC_BODY_IMPORT
642,BUTTON,EXPANDED,False,PRIVATE_UI_INVENTORY_ROW_ACCOUNTED_NO_PUBLIC_BODY_IMPORT
643,BUTTON,EXPANDED,False,PRIVATE_UI_INVENTORY_ROW_ACCOUNTED_NO_PUBLIC_BODY_IMPORT
644,BUTTON,EXPANDED,False,PRIVATE_UI_INVENTORY_ROW_ACCOUNTED_NO_PUBLIC_BODY_IMPORT
645,BUTTON,EXPANDED,False,PRIVATE_UI_INVENTORY_ROW_ACCOUNTED_NO_PUBLIC_BODY_IMPORT
646,BUTTON,EXPANDED,False,PRIVATE_UI_INVENTORY_ROW_ACCOUNTED_NO_PUBLIC_BODY_IMPORT
647,BUTTON,EXPANDED,False,PRIVATE_UI_INVENTORY_ROW_ACCOUNTED_NO_PUBLIC_BODY_IMPORT
648,BUTTON,EXPANDED,False,PRIVATE_UI_INVENTORY_ROW_ACCOUNTED_NO_PUBLIC_BODY_IMPORT
649,BUTTON,EXPANDED,False,PRIVATE_UI_INVENTORY_ROW_ACCOUNTED_NO_PUBLIC_BODY_IMPORT
650,BUTTON,EXPANDED,False,PRIVATE_UI_INVENTORY_ROW_ACCOUNTED_NO_PUBLIC_BODY_IMPORT
651,BUTTON,EXPANDED,False,PRIVATE_UI_INVENTORY_ROW_ACCOUNTED_NO_PUBLIC_BODY_IMPORT
652,BUTTON,EXPANDED,False,PRIVATE_UI_INVENTORY_ROW_ACCOUNTED_NO_PUBLIC_BODY_IMPORT
653,BUTTON,EXPANDED,False,PRIVATE_UI_INVENTORY_ROW_ACCOUNTED_NO_PUBLIC_BODY_IMPORT
654,BUTTON,EXPANDED,False,PRIVATE_UI_INVENTORY_ROW_ACCOUNTED_NO_PUBLIC_BODY_IMPORT
655,BUTTON,EXPANDED,False,PRIVATE_UI_INVENTORY_ROW_ACCOUNTED_NO_PUBLIC_BODY_IMPORT
656,BUTTON,EXPANDED,False,PRIVATE_UI_INVENTORY_ROW_ACCOUNTED_NO_PUBLIC_BODY_IMPORT
657,BUTTON,EXPANDED,False,PRIVATE_UI_INVENTORY_ROW_ACCOUNTED_NO_PUBLIC_BODY_IMPORT
658,BUTTON,EXPANDED,False,PRIVATE_UI_INVENTORY_ROW_ACCOUNTED_NO_PUBLIC_BODY_IMPORT
659,BUTTON,EXPANDED,False,PRIVATE_UI_INVENTORY_ROW_ACCOUNTED_NO_PUBLIC_BODY_IMPORT
660,BUTTON,EXPANDED,False,PRIVATE_UI_INVENTORY_ROW_ACCOUNTED_NO_PUBLIC_BODY_IMPORT
661,BUTTON,EXPANDED,False,PRIVATE_UI_INVENTORY_ROW_ACCOUNTED_NO_PUBLIC_BODY_IMPORT
662,BUTTON,EXPANDED,False,PRIVATE_UI_INVENTORY_ROW_ACCOUNTED_NO_PUBLIC_BODY_IMPORT
663,BUTTON,EXPANDED,False,PRIVATE_UI_INVENTORY_ROW_ACCOUNTED_NO_PUBLIC_BODY_IMPORT
664,BUTTON,EXPANDED,False,PRIVATE_UI_INVENTORY_ROW_ACCOUNTED_NO_PUBLIC_BODY_IMPORT
665,BUTTON,EXPANDED,False,PRIVATE_UI_INVENTORY_ROW_ACCOUNTED_NO_PUBLIC_BODY_IMPORT
666,BUTTON,EXPANDED,False,PRIVATE_UI_INVENTORY_ROW_ACCOUNTED_NO_PUBLIC_BODY_IMPORT
667,BUTTON,EXPANDED,False,PRIVATE_UI_INVENTORY_ROW_ACCOUNTED_NO_PUBLIC_BODY_IMPORT
668,BUTTON,EXPANDED,False,PRIVATE_UI_INVENTORY_ROW_ACCOUNTED_NO_PUBLIC_BODY_IMPORT
669,BUTTON,EXPANDED,False,PRIVATE_UI_INVENTORY_ROW_ACCOUNTED_NO_PUBLIC_BODY_IMPORT
670,BUTTON,EXPANDED,False,PRIVATE_UI_INVENTORY_ROW_ACCOUNTED_NO_PUBLIC_BODY_IMPORT
671,BUTTON,EXPANDED,False,PRIVATE_UI_INVENTORY_ROW_ACCOUNTED_NO_PUBLIC_BODY_IMPORT
672,BUTTON,EXPANDED,False,PRIVATE_UI_INVENTORY_ROW_ACCOUNTED_NO_PUBLIC_BODY_IMPORT
673,BUTTON,EXPANDED,False,PRIVATE_UI_INVENTORY_ROW_ACCOUNTED_NO_PUBLIC_BODY_IMPORT
674,BUTTON,EXPANDED,False,PRIVATE_UI_INVENTORY_ROW_ACCOUNTED_NO_PUBLIC_BODY_IMPORT
675,BUTTON,EXPANDED,False,PRIVATE_UI_INVENTORY_ROW_ACCOUNTED_NO_PUBLIC_BODY_IMPORT
676,BUTTON,EXPANDED,False,PRIVATE_UI_INVENTORY_ROW_ACCOUNTED_NO_PUBLIC_BODY_IMPORT
677,BUTTON,EXPANDED,False,PRIVATE_UI_INVENTORY_ROW_ACCOUNTED_NO_PUBLIC_BODY_IMPORT
678,BUTTON,EXPANDED,False,PRIVATE_UI_INVENTORY_ROW_ACCOUNTED_NO_PUBLIC_BODY_IMPORT
679,BUTTON,EXPANDED,False,PRIVATE_UI_INVENTORY_ROW_ACCOUNTED_NO_PUBLIC_BODY_IMPORT
680,BUTTON,EXPANDED,False,PRIVATE_UI_INVENTORY_ROW_ACCOUNTED_NO_PUBLIC_BODY_IMPORT
681,BUTTON,EXPANDED,False,PRIVATE_UI_INVENTORY_ROW_ACCOUNTED_NO_PUBLIC_BODY_IMPORT
682,BUTTON,EXPANDED,False,PRIVATE_UI_INVENTORY_ROW_ACCOUNTED_NO_PUBLIC_BODY_IMPORT
683,BUTTON,EXPANDED,False,PRIVATE_UI_INVENTORY_ROW_ACCOUNTED_NO_PUBLIC_BODY_IMPORT
684,BUTTON,EXPANDED,False,PRIVATE_UI_INVENTORY_ROW_ACCOUNTED_NO_PUBLIC_BODY_IMPORT
685,BUTTON,EXPANDED,False,PRIVATE_UI_INVENTORY_ROW_ACCOUNTED_NO_PUBLIC_BODY_IMPORT
686,CARD,EXPANDED,False,PRIVATE_UI_INVENTORY_ROW_ACCOUNTED_NO_PUBLIC_BODY_IMPORT
687,CARD,EXPANDED,False,PRIVATE_UI_INVENTORY_ROW_ACCOUNTED_NO_PUBLIC_BODY_IMPORT
688,CARD,EXPANDED,False,PRIVATE_UI_INVENTORY_ROW_ACCOUNTED_NO_PUBLIC_BODY_IMPORT
689,CARD,EXPANDED,False,PRIVATE_UI_INVENTORY_ROW_ACCOUNTED_NO_PUBLIC_BODY_IMPORT
690,CARD,EXPANDED,False,PRIVATE_UI_INVENTORY_ROW_ACCOUNTED_NO_PUBLIC_BODY_IMPORT
691,CARD,EXPANDED,False,PRIVATE_UI_INVENTORY_ROW_ACCOUNTED_NO_PUBLIC_BODY_IMPORT
692,CARD,EXPANDED,False,PRIVATE_UI_INVENTORY_ROW_ACCOUNTED_NO_PUBLIC_BODY_IMPORT
693,CARD,EXPANDED,False,PRIVATE_UI_INVENTORY_ROW_ACCOUNTED_NO_PUBLIC_BODY_IMPORT
694,CARD,EXPANDED,False,PRIVATE_UI_INVENTORY_ROW_ACCOUNTED_NO_PUBLIC_BODY_IMPORT
695,CARD,EXPANDED,False,PRIVATE_UI_INVENTORY_ROW_ACCOUNTED_NO_PUBLIC_BODY_IMPORT
696,CARD,EXPANDED,False,PRIVATE_UI_INVENTORY_ROW_ACCOUNTED_NO_PUBLIC_BODY_IMPORT
697,CARD,EXPANDED,False,PRIVATE_UI_INVENTORY_ROW_ACCOUNTED_NO_PUBLIC_BODY_IMPORT
698,CARD,EXPANDED,False,PRIVATE_UI_INVENTORY_ROW_ACCOUNTED_NO_PUBLIC_BODY_IMPORT
699,CARD,EXPANDED,False,PRIVATE_UI_INVENTORY_ROW_ACCOUNTED_NO_PUBLIC_BODY_IMPORT
700,CARD,EXPANDED,False,PRIVATE_UI_INVENTORY_ROW_ACCOUNTED_NO_PUBLIC_BODY_IMPORT
701,CARD,EXPANDED,False,PRIVATE_UI_INVENTORY_ROW_ACCOUNTED_NO_PUBLIC_BODY_IMPORT
702,CARD,EXPANDED,False,PRIVATE_UI_INVENTORY_ROW_ACCOUNTED_NO_PUBLIC_BODY_IMPORT
703,CARD,EXPANDED,False,PRIVATE_UI_INVENTORY_ROW_ACCOUNTED_NO_PUBLIC_BODY_IMPORT
704,CARD,EXPANDED,False,PRIVATE_UI_INVENTORY_ROW_ACCOUNTED_NO_PUBLIC_BODY_IMPORT
705,CARD,EXPANDED,False,PRIVATE_UI_INVENTORY_ROW_ACCOUNTED_NO_PUBLIC_BODY_IMPORT
706,CARD,EXPANDED,False,PRIVATE_UI_INVENTORY_ROW_ACCOUNTED_NO_PUBLIC_BODY_IMPORT
707,CARD,EXPANDED,False,PRIVATE_UI_INVENTORY_ROW_ACCOUNTED_NO_PUBLIC_BODY_IMPORT
708,BUTTON,EXPANDED,False,PRIVATE_UI_INVENTORY_ROW_ACCOUNTED_NO_PUBLIC_BODY_IMPORT
709,BUTTON,EXPANDED,False,PRIVATE_UI_INVENTORY_ROW_ACCOUNTED_NO_PUBLIC_BODY_IMPORT
710,BUTTON,EXPANDED,False,PRIVATE_UI_INVENTORY_ROW_ACCOUNTED_NO_PUBLIC_BODY_IMPORT
711,BUTTON,EXPANDED,False,PRIVATE_UI_INVENTORY_ROW_ACCOUNTED_NO_PUBLIC_BODY_IMPORT
712,BUTTON,EXPANDED,False,PRIVATE_UI_INVENTORY_ROW_ACCOUNTED_NO_PUBLIC_BODY_IMPORT
713,BUTTON,EXPANDED,False,PRIVATE_UI_INVENTORY_ROW_ACCOUNTED_NO_PUBLIC_BODY_IMPORT
714,BUTTON,EXPANDED,False,PRIVATE_UI_INVENTORY_ROW_ACCOUNTED_NO_PUBLIC_BODY_IMPORT
715,BUTTON,EXPANDED,False,PRIVATE_UI_INVENTORY_ROW_ACCOUNTED_NO_PUBLIC_BODY_IMPORT
716,BUTTON,EXPANDED,False,PRIVATE_UI_INVENTORY_ROW_ACCOUNTED_NO_PUBLIC_BODY_IMPORT
717,BUTTON,EXPANDED,False,PRIVATE_UI_INVENTORY_ROW_ACCOUNTED_NO_PUBLIC_BODY_IMPORT
718,BUTTON,EXPANDED,False,PRIVATE_UI_INVENTORY_ROW_ACCOUNTED_NO_PUBLIC_BODY_IMPORT
719,BUTTON,EXPANDED,False,PRIVATE_UI_INVENTORY_ROW_ACCOUNTED_NO_PUBLIC_BODY_IMPORT
720,BUTTON,EXPANDED,False,PRIVATE_UI_INVENTORY_ROW_ACCOUNTED_NO_PUBLIC_BODY_IMPORT
721,BUTTON,EXPANDED,False,PRIVATE_UI_INVENTORY_ROW_ACCOUNTED_NO_PUBLIC_BODY_IMPORT
722,BUTTON,EXPANDED,False,PRIVATE_UI_INVENTORY_ROW_ACCOUNTED_NO_PUBLIC_BODY_IMPORT
723,BUTTON,EXPANDED,False,PRIVATE_UI_INVENTORY_ROW_ACCOUNTED_NO_PUBLIC_BODY_IMPORT
724,BUTTON,EXPANDED,False,PRIVATE_UI_INVENTORY_ROW_ACCOUNTED_NO_PUBLIC_BODY_IMPORT
725,BUTTON,EXPANDED,False,PRIVATE_UI_INVENTORY_ROW_ACCOUNTED_NO_PUBLIC_BODY_IMPORT
726,BUTTON,EXPANDED,False,PRIVATE_UI_INVENTORY_ROW_ACCOUNTED_NO_PUBLIC_BODY_IMPORT
727,BUTTON,EXPANDED,False,PRIVATE_UI_INVENTORY_ROW_ACCOUNTED_NO_PUBLIC_BODY_IMPORT
728,BUTTON,EXPANDED,False,PRIVATE_UI_INVENTORY_ROW_ACCOUNTED_NO_PUBLIC_BODY_IMPORT
729,BUTTON,EXPANDED,False,PRIVATE_UI_INVENTORY_ROW_ACCOUNTED_NO_PUBLIC_BODY_IMPORT
730,BUTTON,EXPANDED,False,PRIVATE_UI_INVENTORY_ROW_ACCOUNTED_NO_PUBLIC_BODY_IMPORT
731,BUTTON,EXPANDED,False,PRIVATE_UI_INVENTORY_ROW_ACCOUNTED_NO_PUBLIC_BODY_IMPORT
732,BUTTON,EXPANDED,False,PRIVATE_UI_INVENTORY_ROW_ACCOUNTED_NO_PUBLIC_BODY_IMPORT
733,BUTTON,EXPANDED,False,PRIVATE_UI_INVENTORY_ROW_ACCOUNTED_NO_PUBLIC_BODY_IMPORT
734,BUTTON,EXPANDED,False,PRIVATE_UI_INVENTORY_ROW_ACCOUNTED_NO_PUBLIC_BODY_IMPORT
735,BUTTON,EXPANDED,False,PRIVATE_UI_INVENTORY_ROW_ACCOUNTED_NO_PUBLIC_BODY_IMPORT
736,BUTTON,EXPANDED,False,PRIVATE_UI_INVENTORY_ROW_ACCOUNTED_NO_PUBLIC_BODY_IMPORT
737,BUTTON,EXPANDED,False,PRIVATE_UI_INVENTORY_ROW_ACCOUNTED_NO_PUBLIC_BODY_IMPORT
738,BUTTON,EXPANDED,False,PRIVATE_UI_INVENTORY_ROW_ACCOUNTED_NO_PUBLIC_BODY_IMPORT
739,BUTTON,EXPANDED,False,PRIVATE_UI_INVENTORY_ROW_ACCOUNTED_NO_PUBLIC_BODY_IMPORT
740,BUTTON,EXPANDED,False,PRIVATE_UI_INVENTORY_ROW_ACCOUNTED_NO_PUBLIC_BODY_IMPORT
741,BUTTON,EXPANDED,False,PRIVATE_UI_INVENTORY_ROW_ACCOUNTED_NO_PUBLIC_BODY_IMPORT
742,BUTTON,EXPANDED,False,PRIVATE_UI_INVENTORY_ROW_ACCOUNTED_NO_PUBLIC_BODY_IMPORT
743,BUTTON,EXPANDED,False,PRIVATE_UI_INVENTORY_ROW_ACCOUNTED_NO_PUBLIC_BODY_IMPORT
744,BUTTON,EXPANDED,False,PRIVATE_UI_INVENTORY_ROW_ACCOUNTED_NO_PUBLIC_BODY_IMPORT
745,BUTTON,EXPANDED,False,PRIVATE_UI_INVENTORY_ROW_ACCOUNTED_NO_PUBLIC_BODY_IMPORT
746,BUTTON,EXPANDED,False,PRIVATE_UI_INVENTORY_ROW_ACCOUNTED_NO_PUBLIC_BODY_IMPORT
747,BUTTON,EXPANDED,False,PRIVATE_UI_INVENTORY_ROW_ACCOUNTED_NO_PUBLIC_BODY_IMPORT
748,BUTTON,EXPANDED,False,PRIVATE_UI_INVENTORY_ROW_ACCOUNTED_NO_PUBLIC_BODY_IMPORT
749,BUTTON,EXPANDED,False,PRIVATE_UI_INVENTORY_ROW_ACCOUNTED_NO_PUBLIC_BODY_IMPORT
750,BUTTON,EXPANDED,False,PRIVATE_UI_INVENTORY_ROW_ACCOUNTED_NO_PUBLIC_BODY_IMPORT
751,BUTTON,EXPANDED,False,PRIVATE_UI_INVENTORY_ROW_ACCOUNTED_NO_PUBLIC_BODY_IMPORT
752,BUTTON,EXPANDED,False,PRIVATE_UI_INVENTORY_ROW_ACCOUNTED_NO_PUBLIC_BODY_IMPORT
753,BUTTON,EXPANDED,False,PRIVATE_UI_INVENTORY_ROW_ACCOUNTED_NO_PUBLIC_BODY_IMPORT
754,BUTTON,EXPANDED,False,PRIVATE_UI_INVENTORY_ROW_ACCOUNTED_NO_PUBLIC_BODY_IMPORT
755,BUTTON,EXPANDED,False,PRIVATE_UI_INVENTORY_ROW_ACCOUNTED_NO_PUBLIC_BODY_IMPORT
756,BUTTON,EXPANDED,False,PRIVATE_UI_INVENTORY_ROW_ACCOUNTED_NO_PUBLIC_BODY_IMPORT
757,BUTTON,EXPANDED,False,PRIVATE_UI_INVENTORY_ROW_ACCOUNTED_NO_PUBLIC_BODY_IMPORT
758,BUTTON,EXPANDED,False,PRIVATE_UI_INVENTORY_ROW_ACCOUNTED_NO_PUBLIC_BODY_IMPORT
759,BUTTON,EXPANDED,False,PRIVATE_UI_INVENTORY_ROW_ACCOUNTED_NO_PUBLIC_BODY_IMPORT
760,BUTTON,EXPANDED,False,PRIVATE_UI_INVENTORY_ROW_ACCOUNTED_NO_PUBLIC_BODY_IMPORT
761,BUTTON,EXPANDED,False,PRIVATE_UI_INVENTORY_ROW_ACCOUNTED_NO_PUBLIC_BODY_IMPORT
762,BUTTON,EXPANDED,False,PRIVATE_UI_INVENTORY_ROW_ACCOUNTED_NO_PUBLIC_BODY_IMPORT
763,BUTTON,EXPANDED,False,PRIVATE_UI_INVENTORY_ROW_ACCOUNTED_NO_PUBLIC_BODY_IMPORT
764,BUTTON,EXPANDED,False,PRIVATE_UI_INVENTORY_ROW_ACCOUNTED_NO_PUBLIC_BODY_IMPORT
765,BUTTON,EXPANDED,False,PRIVATE_UI_INVENTORY_ROW_ACCOUNTED_NO_PUBLIC_BODY_IMPORT
766,BUTTON,EXPANDED,False,PRIVATE_UI_INVENTORY_ROW_ACCOUNTED_NO_PUBLIC_BODY_IMPORT
767,BUTTON,EXPANDED,False,PRIVATE_UI_INVENTORY_ROW_ACCOUNTED_NO_PUBLIC_BODY_IMPORT
768,BUTTON,EXPANDED,False,PRIVATE_UI_INVENTORY_ROW_ACCOUNTED_NO_PUBLIC_BODY_IMPORT
769,BUTTON,EXPANDED,False,PRIVATE_UI_INVENTORY_ROW_ACCOUNTED_NO_PUBLIC_BODY_IMPORT
770,BUTTON,EXPANDED,False,PRIVATE_UI_INVENTORY_ROW_ACCOUNTED_NO_PUBLIC_BODY_IMPORT
771,BUTTON,EXPANDED,False,PRIVATE_UI_INVENTORY_ROW_ACCOUNTED_NO_PUBLIC_BODY_IMPORT
772,BUTTON,EXPANDED,False,PRIVATE_UI_INVENTORY_ROW_ACCOUNTED_NO_PUBLIC_BODY_IMPORT
773,BUTTON,EXPANDED,False,PRIVATE_UI_INVENTORY_ROW_ACCOUNTED_NO_PUBLIC_BODY_IMPORT
774,BUTTON,EXPANDED,False,PRIVATE_UI_INVENTORY_ROW_ACCOUNTED_NO_PUBLIC_BODY_IMPORT
775,BUTTON,EXPANDED,False,PRIVATE_UI_INVENTORY_ROW_ACCOUNTED_NO_PUBLIC_BODY_IMPORT
776,BUTTON,EXPANDED,False,PRIVATE_UI_INVENTORY_ROW_ACCOUNTED_NO_PUBLIC_BODY_IMPORT
777,BUTTON,EXPANDED,False,PRIVATE_UI_INVENTORY_ROW_ACCOUNTED_NO_PUBLIC_BODY_IMPORT
778,BUTTON,EXPANDED,False,PRIVATE_UI_INVENTORY_ROW_ACCOUNTED_NO_PUBLIC_BODY_IMPORT
779,BUTTON,EXPANDED,False,PRIVATE_UI_INVENTORY_ROW_ACCOUNTED_NO_PUBLIC_BODY_IMPORT
780,BUTTON,EXPANDED,False,PRIVATE_UI_INVENTORY_ROW_ACCOUNTED_NO_PUBLIC_BODY_IMPORT
781,BUTTON,EXPANDED,False,PRIVATE_UI_INVENTORY_ROW_ACCOUNTED_NO_PUBLIC_BODY_IMPORT
782,BUTTON,EXPANDED,False,PRIVATE_UI_INVENTORY_ROW_ACCOUNTED_NO_PUBLIC_BODY_IMPORT
783,BUTTON,EXPANDED,False,PRIVATE_UI_INVENTORY_ROW_ACCOUNTED_NO_PUBLIC_BODY_IMPORT
784,BUTTON,EXPANDED,False,PRIVATE_UI_INVENTORY_ROW_ACCOUNTED_NO_PUBLIC_BODY_IMPORT
785,BUTTON,EXPANDED,False,PRIVATE_UI_INVENTORY_ROW_ACCOUNTED_NO_PUBLIC_BODY_IMPORT
786,BUTTON,EXPANDED,False,PRIVATE_UI_INVENTORY_ROW_ACCOUNTED_NO_PUBLIC_BODY_IMPORT
787,BUTTON,EXPANDED,False,PRIVATE_UI_INVENTORY_ROW_ACCOUNTED_NO_PUBLIC_BODY_IMPORT
788,BUTTON,EXPANDED,False,PRIVATE_UI_INVENTORY_ROW_ACCOUNTED_NO_PUBLIC_BODY_IMPORT
789,BUTTON,EXPANDED,False,PRIVATE_UI_INVENTORY_ROW_ACCOUNTED_NO_PUBLIC_BODY_IMPORT
790,BUTTON,EXPANDED,False,PRIVATE_UI_INVENTORY_ROW_ACCOUNTED_NO_PUBLIC_BODY_IMPORT
791,BUTTON,EXPANDED,False,PRIVATE_UI_INVENTORY_ROW_ACCOUNTED_NO_PUBLIC_BODY_IMPORT
792,BUTTON,EXPANDED,False,PRIVATE_UI_INVENTORY_ROW_ACCOUNTED_NO_PUBLIC_BODY_IMPORT
793,BUTTON,EXPANDED,False,PRIVATE_UI_INVENTORY_ROW_ACCOUNTED_NO_PUBLIC_BODY_IMPORT
794,BUTTON,EXPANDED,False,PRIVATE_UI_INVENTORY_ROW_ACCOUNTED_NO_PUBLIC_BODY_IMPORT
795,BUTTON,EXPANDED,False,PRIVATE_UI_INVENTORY_ROW_ACCOUNTED_NO_PUBLIC_BODY_IMPORT
796,BUTTON,EXPANDED,False,PRIVATE_UI_INVENTORY_ROW_ACCOUNTED_NO_PUBLIC_BODY_IMPORT
797,BUTTON,EXPANDED,False,PRIVATE_UI_INVENTORY_ROW_ACCOUNTED_NO_PUBLIC_BODY_IMPORT
798,BUTTON,EXPANDED,False,PRIVATE_UI_INVENTORY_ROW_ACCOUNTED_NO_PUBLIC_BODY_IMPORT
799,BUTTON,EXPANDED,False,PRIVATE_UI_INVENTORY_ROW_ACCOUNTED_NO_PUBLIC_BODY_IMPORT
800,BUTTON,EXPANDED,False,PRIVATE_UI_INVENTORY_ROW_ACCOUNTED_NO_PUBLIC_BODY_IMPORT
801,BUTTON,EXPANDED,False,PRIVATE_UI_INVENTORY_ROW_ACCOUNTED_NO_PUBLIC_BODY_IMPORT
802,BUTTON,EXPANDED,False,PRIVATE_UI_INVENTORY_ROW_ACCOUNTED_NO_PUBLIC_BODY_IMPORT
803,BUTTON,EXPANDED,False,PRIVATE_UI_INVENTORY_ROW_ACCOUNTED_NO_PUBLIC_BODY_IMPORT
804,BUTTON,EXPANDED,False,PRIVATE_UI_INVENTORY_ROW_ACCOUNTED_NO_PUBLIC_BODY_IMPORT
805,BUTTON,EXPANDED,False,PRIVATE_UI_INVENTORY_ROW_ACCOUNTED_NO_PUBLIC_BODY_IMPORT
806,BUTTON,EXPANDED,False,PRIVATE_UI_INVENTORY_ROW_ACCOUNTED_NO_PUBLIC_BODY_IMPORT
807,BUTTON,EXPANDED,False,PRIVATE_UI_INVENTORY_ROW_ACCOUNTED_NO_PUBLIC_BODY_IMPORT
808,BUTTON,EXPANDED,False,PRIVATE_UI_INVENTORY_ROW_ACCOUNTED_NO_PUBLIC_BODY_IMPORT
809,BUTTON,EXPANDED,False,PRIVATE_UI_INVENTORY_ROW_ACCOUNTED_NO_PUBLIC_BODY_IMPORT
810,BUTTON,EXPANDED,False,PRIVATE_UI_INVENTORY_ROW_ACCOUNTED_NO_PUBLIC_BODY_IMPORT
811,BUTTON,EXPANDED,False,PRIVATE_UI_INVENTORY_ROW_ACCOUNTED_NO_PUBLIC_BODY_IMPORT
812,BUTTON,EXPANDED,False,PRIVATE_UI_INVENTORY_ROW_ACCOUNTED_NO_PUBLIC_BODY_IMPORT
813,BUTTON,EXPANDED,False,PRIVATE_UI_INVENTORY_ROW_ACCOUNTED_NO_PUBLIC_BODY_IMPORT
814,BUTTON,EXPANDED,False,PRIVATE_UI_INVENTORY_ROW_ACCOUNTED_NO_PUBLIC_BODY_IMPORT
815,BUTTON,EXPANDED,False,PRIVATE_UI_INVENTORY_ROW_ACCOUNTED_NO_PUBLIC_BODY_IMPORT
816,CARD,EXPANDED,False,PRIVATE_UI_INVENTORY_ROW_ACCOUNTED_NO_PUBLIC_BODY_IMPORT
817,CARD,EXPANDED,False,PRIVATE_UI_INVENTORY_ROW_ACCOUNTED_NO_PUBLIC_BODY_IMPORT
818,CARD,EXPANDED,False,PRIVATE_UI_INVENTORY_ROW_ACCOUNTED_NO_PUBLIC_BODY_IMPORT
819,CARD,EXPANDED,False,PRIVATE_UI_INVENTORY_ROW_ACCOUNTED_NO_PUBLIC_BODY_IMPORT
820,CARD,EXPANDED,False,PRIVATE_UI_INVENTORY_ROW_ACCOUNTED_NO_PUBLIC_BODY_IMPORT
821,CARD,EXPANDED,False,PRIVATE_UI_INVENTORY_ROW_ACCOUNTED_NO_PUBLIC_BODY_IMPORT
822,CARD,EXPANDED,False,PRIVATE_UI_INVENTORY_ROW_ACCOUNTED_NO_PUBLIC_BODY_IMPORT
823,CARD,EXPANDED,False,PRIVATE_UI_INVENTORY_ROW_ACCOUNTED_NO_PUBLIC_BODY_IMPORT
824,CARD,EXPANDED,False,PRIVATE_UI_INVENTORY_ROW_ACCOUNTED_NO_PUBLIC_BODY_IMPORT
825,CARD,EXPANDED,False,PRIVATE_UI_INVENTORY_ROW_ACCOUNTED_NO_PUBLIC_BODY_IMPORT
826,CARD,EXPANDED,False,PRIVATE_UI_INVENTORY_ROW_ACCOUNTED_NO_PUBLIC_BODY_IMPORT
827,CARD,EXPANDED,False,PRIVATE_UI_INVENTORY_ROW_ACCOUNTED_NO_PUBLIC_BODY_IMPORT
828,CARD,EXPANDED,False,PRIVATE_UI_INVENTORY_ROW_ACCOUNTED_NO_PUBLIC_BODY_IMPORT
829,CARD,EXPANDED,False,PRIVATE_UI_INVENTORY_ROW_ACCOUNTED_NO_PUBLIC_BODY_IMPORT
830,CARD,EXPANDED,False,PRIVATE_UI_INVENTORY_ROW_ACCOUNTED_NO_PUBLIC_BODY_IMPORT
831,CARD,EXPANDED,False,PRIVATE_UI_INVENTORY_ROW_ACCOUNTED_NO_PUBLIC_BODY_IMPORT
832,CARD,EXPANDED,False,PRIVATE_UI_INVENTORY_ROW_ACCOUNTED_NO_PUBLIC_BODY_IMPORT
833,CARD,EXPANDED,False,PRIVATE_UI_INVENTORY_ROW_ACCOUNTED_NO_PUBLIC_BODY_IMPORT
834,CARD,EXPANDED,False,PRIVATE_UI_INVENTORY_ROW_ACCOUNTED_NO_PUBLIC_BODY_IMPORT
835,LINK,EXPANDED,True,PRIVATE_UI_INVENTORY_ROW_ACCOUNTED_NO_PUBLIC_BODY_IMPORT
836,LINK,EXPANDED,True,PRIVATE_UI_INVENTORY_ROW_ACCOUNTED_NO_PUBLIC_BODY_IMPORT
837,BUTTON,EXPANDED,False,PRIVATE_UI_INVENTORY_ROW_ACCOUNTED_NO_PUBLIC_BODY_IMPORT
838,BUTTON,EXPANDED,False,PRIVATE_UI_INVENTORY_ROW_ACCOUNTED_NO_PUBLIC_BODY_IMPORT
839,BUTTON,EXPANDED,False,PRIVATE_UI_INVENTORY_ROW_ACCOUNTED_NO_PUBLIC_BODY_IMPORT
840,BUTTON,EXPANDED,False,PRIVATE_UI_INVENTORY_ROW_ACCOUNTED_NO_PUBLIC_BODY_IMPORT
841,BUTTON,EXPANDED,False,PRIVATE_UI_INVENTORY_ROW_ACCOUNTED_NO_PUBLIC_BODY_IMPORT
842,BUTTON,EXPANDED,False,PRIVATE_UI_INVENTORY_ROW_ACCOUNTED_NO_PUBLIC_BODY_IMPORT
843,BUTTON,EXPANDED,False,PRIVATE_UI_INVENTORY_ROW_ACCOUNTED_NO_PUBLIC_BODY_IMPORT
844,BUTTON,EXPANDED,False,PRIVATE_UI_INVENTORY_ROW_ACCOUNTED_NO_PUBLIC_BODY_IMPORT
845,BUTTON,EXPANDED,False,PRIVATE_UI_INVENTORY_ROW_ACCOUNTED_NO_PUBLIC_BODY_IMPORT
846,BUTTON,EXPANDED,False,PRIVATE_UI_INVENTORY_ROW_ACCOUNTED_NO_PUBLIC_BODY_IMPORT
847,BUTTON,EXPANDED,False,PRIVATE_UI_INVENTORY_ROW_ACCOUNTED_NO_PUBLIC_BODY_IMPORT
848,BUTTON,EXPANDED,False,PRIVATE_UI_INVENTORY_ROW_ACCOUNTED_NO_PUBLIC_BODY_IMPORT
849,BUTTON,EXPANDED,False,PRIVATE_UI_INVENTORY_ROW_ACCOUNTED_NO_PUBLIC_BODY_IMPORT
850,BUTTON,EXPANDED,False,PRIVATE_UI_INVENTORY_ROW_ACCOUNTED_NO_PUBLIC_BODY_IMPORT
851,BUTTON,EXPANDED,False,PRIVATE_UI_INVENTORY_ROW_ACCOUNTED_NO_PUBLIC_BODY_IMPORT
852,BUTTON,EXPANDED,False,PRIVATE_UI_INVENTORY_ROW_ACCOUNTED_NO_PUBLIC_BODY_IMPORT
853,BUTTON,EXPANDED,False,PRIVATE_UI_INVENTORY_ROW_ACCOUNTED_NO_PUBLIC_BODY_IMPORT
854,BUTTON,EXPANDED,False,PRIVATE_UI_INVENTORY_ROW_ACCOUNTED_NO_PUBLIC_BODY_IMPORT
855,BUTTON,EXPANDED,False,PRIVATE_UI_INVENTORY_ROW_ACCOUNTED_NO_PUBLIC_BODY_IMPORT
856,BUTTON,EXPANDED,False,PRIVATE_UI_INVENTORY_ROW_ACCOUNTED_NO_PUBLIC_BODY_IMPORT
857,BUTTON,EXPANDED,False,PRIVATE_UI_INVENTORY_ROW_ACCOUNTED_NO_PUBLIC_BODY_IMPORT
858,BUTTON,EXPANDED,False,PRIVATE_UI_INVENTORY_ROW_ACCOUNTED_NO_PUBLIC_BODY_IMPORT
859,BUTTON,EXPANDED,False,PRIVATE_UI_INVENTORY_ROW_ACCOUNTED_NO_PUBLIC_BODY_IMPORT
860,BUTTON,EXPANDED,False,PRIVATE_UI_INVENTORY_ROW_ACCOUNTED_NO_PUBLIC_BODY_IMPORT
861,BUTTON,EXPANDED,False,PRIVATE_UI_INVENTORY_ROW_ACCOUNTED_NO_PUBLIC_BODY_IMPORT
862,BUTTON,EXPANDED,False,PRIVATE_UI_INVENTORY_ROW_ACCOUNTED_NO_PUBLIC_BODY_IMPORT
863,BUTTON,EXPANDED,False,PRIVATE_UI_INVENTORY_ROW_ACCOUNTED_NO_PUBLIC_BODY_IMPORT
864,BUTTON,EXPANDED,False,PRIVATE_UI_INVENTORY_ROW_ACCOUNTED_NO_PUBLIC_BODY_IMPORT
865,BUTTON,EXPANDED,False,PRIVATE_UI_INVENTORY_ROW_ACCOUNTED_NO_PUBLIC_BODY_IMPORT
866,BUTTON,EXPANDED,False,PRIVATE_UI_INVENTORY_ROW_ACCOUNTED_NO_PUBLIC_BODY_IMPORT
867,BUTTON,EXPANDED,False,PRIVATE_UI_INVENTORY_ROW_ACCOUNTED_NO_PUBLIC_BODY_IMPORT
868,BUTTON,EXPANDED,False,PRIVATE_UI_INVENTORY_ROW_ACCOUNTED_NO_PUBLIC_BODY_IMPORT
869,BUTTON,EXPANDED,False,PRIVATE_UI_INVENTORY_ROW_ACCOUNTED_NO_PUBLIC_BODY_IMPORT
870,BUTTON,EXPANDED,False,PRIVATE_UI_INVENTORY_ROW_ACCOUNTED_NO_PUBLIC_BODY_IMPORT
871,BUTTON,EXPANDED,False,PRIVATE_UI_INVENTORY_ROW_ACCOUNTED_NO_PUBLIC_BODY_IMPORT
872,BUTTON,EXPANDED,False,PRIVATE_UI_INVENTORY_ROW_ACCOUNTED_NO_PUBLIC_BODY_IMPORT
873,BUTTON,EXPANDED,False,PRIVATE_UI_INVENTORY_ROW_ACCOUNTED_NO_PUBLIC_BODY_IMPORT
874,BUTTON,EXPANDED,False,PRIVATE_UI_INVENTORY_ROW_ACCOUNTED_NO_PUBLIC_BODY_IMPORT
875,BUTTON,EXPANDED,False,PRIVATE_UI_INVENTORY_ROW_ACCOUNTED_NO_PUBLIC_BODY_IMPORT
876,BUTTON,EXPANDED,False,PRIVATE_UI_INVENTORY_ROW_ACCOUNTED_NO_PUBLIC_BODY_IMPORT
877,BUTTON,EXPANDED,False,PRIVATE_UI_INVENTORY_ROW_ACCOUNTED_NO_PUBLIC_BODY_IMPORT
878,BUTTON,EXPANDED,False,PRIVATE_UI_INVENTORY_ROW_ACCOUNTED_NO_PUBLIC_BODY_IMPORT
879,BUTTON,EXPANDED,False,PRIVATE_UI_INVENTORY_ROW_ACCOUNTED_NO_PUBLIC_BODY_IMPORT
880,BUTTON,EXPANDED,False,PRIVATE_UI_INVENTORY_ROW_ACCOUNTED_NO_PUBLIC_BODY_IMPORT
881,BUTTON,EXPANDED,False,PRIVATE_UI_INVENTORY_ROW_ACCOUNTED_NO_PUBLIC_BODY_IMPORT
882,BUTTON,EXPANDED,False,PRIVATE_UI_INVENTORY_ROW_ACCOUNTED_NO_PUBLIC_BODY_IMPORT
883,BUTTON,EXPANDED,False,PRIVATE_UI_INVENTORY_ROW_ACCOUNTED_NO_PUBLIC_BODY_IMPORT
884,BUTTON,EXPANDED,False,PRIVATE_UI_INVENTORY_ROW_ACCOUNTED_NO_PUBLIC_BODY_IMPORT
885,BUTTON,EXPANDED,False,PRIVATE_UI_INVENTORY_ROW_ACCOUNTED_NO_PUBLIC_BODY_IMPORT
886,BUTTON,EXPANDED,False,PRIVATE_UI_INVENTORY_ROW_ACCOUNTED_NO_PUBLIC_BODY_IMPORT
887,BUTTON,EXPANDED,False,PRIVATE_UI_INVENTORY_ROW_ACCOUNTED_NO_PUBLIC_BODY_IMPORT
888,BUTTON,EXPANDED,False,PRIVATE_UI_INVENTORY_ROW_ACCOUNTED_NO_PUBLIC_BODY_IMPORT
889,BUTTON,EXPANDED,False,PRIVATE_UI_INVENTORY_ROW_ACCOUNTED_NO_PUBLIC_BODY_IMPORT
890,BUTTON,EXPANDED,False,PRIVATE_UI_INVENTORY_ROW_ACCOUNTED_NO_PUBLIC_BODY_IMPORT
891,BUTTON,EXPANDED,False,PRIVATE_UI_INVENTORY_ROW_ACCOUNTED_NO_PUBLIC_BODY_IMPORT
892,BUTTON,EXPANDED,False,PRIVATE_UI_INVENTORY_ROW_ACCOUNTED_NO_PUBLIC_BODY_IMPORT
893,BUTTON,EXPANDED,False,PRIVATE_UI_INVENTORY_ROW_ACCOUNTED_NO_PUBLIC_BODY_IMPORT
894,BUTTON,EXPANDED,False,PRIVATE_UI_INVENTORY_ROW_ACCOUNTED_NO_PUBLIC_BODY_IMPORT
895,BUTTON,EXPANDED,False,PRIVATE_UI_INVENTORY_ROW_ACCOUNTED_NO_PUBLIC_BODY_IMPORT
896,BUTTON,EXPANDED,False,PRIVATE_UI_INVENTORY_ROW_ACCOUNTED_NO_PUBLIC_BODY_IMPORT
897,BUTTON,EXPANDED,False,PRIVATE_UI_INVENTORY_ROW_ACCOUNTED_NO_PUBLIC_BODY_IMPORT
898,BUTTON,EXPANDED,False,PRIVATE_UI_INVENTORY_ROW_ACCOUNTED_NO_PUBLIC_BODY_IMPORT
899,BUTTON,EXPANDED,False,PRIVATE_UI_INVENTORY_ROW_ACCOUNTED_NO_PUBLIC_BODY_IMPORT
900,BUTTON,EXPANDED,False,PRIVATE_UI_INVENTORY_ROW_ACCOUNTED_NO_PUBLIC_BODY_IMPORT
901,BUTTON,EXPANDED,False,PRIVATE_UI_INVENTORY_ROW_ACCOUNTED_NO_PUBLIC_BODY_IMPORT
902,BUTTON,EXPANDED,False,PRIVATE_UI_INVENTORY_ROW_ACCOUNTED_NO_PUBLIC_BODY_IMPORT
903,BUTTON,EXPANDED,False,PRIVATE_UI_INVENTORY_ROW_ACCOUNTED_NO_PUBLIC_BODY_IMPORT
904,BUTTON,EXPANDED,False,PRIVATE_UI_INVENTORY_ROW_ACCOUNTED_NO_PUBLIC_BODY_IMPORT
905,BUTTON,EXPANDED,False,PRIVATE_UI_INVENTORY_ROW_ACCOUNTED_NO_PUBLIC_BODY_IMPORT
906,BUTTON,EXPANDED,False,PRIVATE_UI_INVENTORY_ROW_ACCOUNTED_NO_PUBLIC_BODY_IMPORT
907,BUTTON,EXPANDED,False,PRIVATE_UI_INVENTORY_ROW_ACCOUNTED_NO_PUBLIC_BODY_IMPORT
908,BUTTON,EXPANDED,False,PRIVATE_UI_INVENTORY_ROW_ACCOUNTED_NO_PUBLIC_BODY_IMPORT
909,BUTTON,EXPANDED,False,PRIVATE_UI_INVENTORY_ROW_ACCOUNTED_NO_PUBLIC_BODY_IMPORT
910,BUTTON,EXPANDED,False,PRIVATE_UI_INVENTORY_ROW_ACCOUNTED_NO_PUBLIC_BODY_IMPORT
911,BUTTON,EXPANDED,False,PRIVATE_UI_INVENTORY_ROW_ACCOUNTED_NO_PUBLIC_BODY_IMPORT
912,BUTTON,EXPANDED,False,PRIVATE_UI_INVENTORY_ROW_ACCOUNTED_NO_PUBLIC_BODY_IMPORT
913,BUTTON,EXPANDED,False,PRIVATE_UI_INVENTORY_ROW_ACCOUNTED_NO_PUBLIC_BODY_IMPORT
914,BUTTON,EXPANDED,False,PRIVATE_UI_INVENTORY_ROW_ACCOUNTED_NO_PUBLIC_BODY_IMPORT
915,BUTTON,EXPANDED,False,PRIVATE_UI_INVENTORY_ROW_ACCOUNTED_NO_PUBLIC_BODY_IMPORT
916,BUTTON,EXPANDED,False,PRIVATE_UI_INVENTORY_ROW_ACCOUNTED_NO_PUBLIC_BODY_IMPORT
917,BUTTON,EXPANDED,False,PRIVATE_UI_INVENTORY_ROW_ACCOUNTED_NO_PUBLIC_BODY_IMPORT
918,BUTTON,EXPANDED,False,PRIVATE_UI_INVENTORY_ROW_ACCOUNTED_NO_PUBLIC_BODY_IMPORT
919,BUTTON,EXPANDED,False,PRIVATE_UI_INVENTORY_ROW_ACCOUNTED_NO_PUBLIC_BODY_IMPORT
920,BUTTON,EXPANDED,False,PRIVATE_UI_INVENTORY_ROW_ACCOUNTED_NO_PUBLIC_BODY_IMPORT
921,BUTTON,EXPANDED,False,PRIVATE_UI_INVENTORY_ROW_ACCOUNTED_NO_PUBLIC_BODY_IMPORT
922,BUTTON,EXPANDED,False,PRIVATE_UI_INVENTORY_ROW_ACCOUNTED_NO_PUBLIC_BODY_IMPORT
923,BUTTON,EXPANDED,False,PRIVATE_UI_INVENTORY_ROW_ACCOUNTED_NO_PUBLIC_BODY_IMPORT
924,BUTTON,EXPANDED,False,PRIVATE_UI_INVENTORY_ROW_ACCOUNTED_NO_PUBLIC_BODY_IMPORT
925,BUTTON,EXPANDED,False,PRIVATE_UI_INVENTORY_ROW_ACCOUNTED_NO_PUBLIC_BODY_IMPORT
926,BUTTON,EXPANDED,False,PRIVATE_UI_INVENTORY_ROW_ACCOUNTED_NO_PUBLIC_BODY_IMPORT
927,BUTTON,EXPANDED,False,PRIVATE_UI_INVENTORY_ROW_ACCOUNTED_NO_PUBLIC_BODY_IMPORT
928,BUTTON,EXPANDED,False,PRIVATE_UI_INVENTORY_ROW_ACCOUNTED_NO_PUBLIC_BODY_IMPORT
929,BUTTON,EXPANDED,False,PRIVATE_UI_INVENTORY_ROW_ACCOUNTED_NO_PUBLIC_BODY_IMPORT
930,BUTTON,EXPANDED,False,PRIVATE_UI_INVENTORY_ROW_ACCOUNTED_NO_PUBLIC_BODY_IMPORT
931,BUTTON,EXPANDED,False,PRIVATE_UI_INVENTORY_ROW_ACCOUNTED_NO_PUBLIC_BODY_IMPORT
932,BUTTON,EXPANDED,False,PRIVATE_UI_INVENTORY_ROW_ACCOUNTED_NO_PUBLIC_BODY_IMPORT
933,BUTTON,EXPANDED,False,PRIVATE_UI_INVENTORY_ROW_ACCOUNTED_NO_PUBLIC_BODY_IMPORT
934,BUTTON,EXPANDED,False,PRIVATE_UI_INVENTORY_ROW_ACCOUNTED_NO_PUBLIC_BODY_IMPORT
935,BUTTON,EXPANDED,False,PRIVATE_UI_INVENTORY_ROW_ACCOUNTED_NO_PUBLIC_BODY_IMPORT
936,BUTTON,EXPANDED,False,PRIVATE_UI_INVENTORY_ROW_ACCOUNTED_NO_PUBLIC_BODY_IMPORT
937,BUTTON,EXPANDED,False,PRIVATE_UI_INVENTORY_ROW_ACCOUNTED_NO_PUBLIC_BODY_IMPORT
938,CARD,EXPANDED,False,PRIVATE_UI_INVENTORY_ROW_ACCOUNTED_NO_PUBLIC_BODY_IMPORT
939,CARD,EXPANDED,False,PRIVATE_UI_INVENTORY_ROW_ACCOUNTED_NO_PUBLIC_BODY_IMPORT
940,CARD,EXPANDED,False,PRIVATE_UI_INVENTORY_ROW_ACCOUNTED_NO_PUBLIC_BODY_IMPORT
941,CARD,EXPANDED,False,PRIVATE_UI_INVENTORY_ROW_ACCOUNTED_NO_PUBLIC_BODY_IMPORT
942,CARD,EXPANDED,False,PRIVATE_UI_INVENTORY_ROW_ACCOUNTED_NO_PUBLIC_BODY_IMPORT
943,CARD,EXPANDED,False,PRIVATE_UI_INVENTORY_ROW_ACCOUNTED_NO_PUBLIC_BODY_IMPORT
944,CARD,EXPANDED,False,PRIVATE_UI_INVENTORY_ROW_ACCOUNTED_NO_PUBLIC_BODY_IMPORT
945,CARD,EXPANDED,False,PRIVATE_UI_INVENTORY_ROW_ACCOUNTED_NO_PUBLIC_BODY_IMPORT
946,CARD,EXPANDED,False,PRIVATE_UI_INVENTORY_ROW_ACCOUNTED_NO_PUBLIC_BODY_IMPORT
947,CARD,EXPANDED,False,PRIVATE_UI_INVENTORY_ROW_ACCOUNTED_NO_PUBLIC_BODY_IMPORT
948,CARD,EXPANDED,False,PRIVATE_UI_INVENTORY_ROW_ACCOUNTED_NO_PUBLIC_BODY_IMPORT
949,BUTTON,EXPANDED,False,PRIVATE_UI_INVENTORY_ROW_ACCOUNTED_NO_PUBLIC_BODY_IMPORT
950,BUTTON,EXPANDED,False,PRIVATE_UI_INVENTORY_ROW_ACCOUNTED_NO_PUBLIC_BODY_IMPORT
951,BUTTON,EXPANDED,False,PRIVATE_UI_INVENTORY_ROW_ACCOUNTED_NO_PUBLIC_BODY_IMPORT
952,BUTTON,EXPANDED,False,PRIVATE_UI_INVENTORY_ROW_ACCOUNTED_NO_PUBLIC_BODY_IMPORT
953,BUTTON,EXPANDED,False,PRIVATE_UI_INVENTORY_ROW_ACCOUNTED_NO_PUBLIC_BODY_IMPORT
954,BUTTON,EXPANDED,False,PRIVATE_UI_INVENTORY_ROW_ACCOUNTED_NO_PUBLIC_BODY_IMPORT
955,BUTTON,EXPANDED,False,PRIVATE_UI_INVENTORY_ROW_ACCOUNTED_NO_PUBLIC_BODY_IMPORT
956,BUTTON,EXPANDED,False,PRIVATE_UI_INVENTORY_ROW_ACCOUNTED_NO_PUBLIC_BODY_IMPORT
957,BUTTON,EXPANDED,False,PRIVATE_UI_INVENTORY_ROW_ACCOUNTED_NO_PUBLIC_BODY_IMPORT
958,BUTTON,EXPANDED,False,PRIVATE_UI_INVENTORY_ROW_ACCOUNTED_NO_PUBLIC_BODY_IMPORT
959,BUTTON,EXPANDED,False,PRIVATE_UI_INVENTORY_ROW_ACCOUNTED_NO_PUBLIC_BODY_IMPORT
960,BUTTON,EXPANDED,False,PRIVATE_UI_INVENTORY_ROW_ACCOUNTED_NO_PUBLIC_BODY_IMPORT
961,BUTTON,EXPANDED,False,PRIVATE_UI_INVENTORY_ROW_ACCOUNTED_NO_PUBLIC_BODY_IMPORT
962,BUTTON,EXPANDED,False,PRIVATE_UI_INVENTORY_ROW_ACCOUNTED_NO_PUBLIC_BODY_IMPORT
963,BUTTON,EXPANDED,False,PRIVATE_UI_INVENTORY_ROW_ACCOUNTED_NO_PUBLIC_BODY_IMPORT
964,BUTTON,EXPANDED,False,PRIVATE_UI_INVENTORY_ROW_ACCOUNTED_NO_PUBLIC_BODY_IMPORT
965,BUTTON,EXPANDED,False,PRIVATE_UI_INVENTORY_ROW_ACCOUNTED_NO_PUBLIC_BODY_IMPORT
966,BUTTON,EXPANDED,False,PRIVATE_UI_INVENTORY_ROW_ACCOUNTED_NO_PUBLIC_BODY_IMPORT
967,BUTTON,EXPANDED,False,PRIVATE_UI_INVENTORY_ROW_ACCOUNTED_NO_PUBLIC_BODY_IMPORT
968,BUTTON,EXPANDED,False,PRIVATE_UI_INVENTORY_ROW_ACCOUNTED_NO_PUBLIC_BODY_IMPORT
969,BUTTON,EXPANDED,False,PRIVATE_UI_INVENTORY_ROW_ACCOUNTED_NO_PUBLIC_BODY_IMPORT
970,BUTTON,EXPANDED,False,PRIVATE_UI_INVENTORY_ROW_ACCOUNTED_NO_PUBLIC_BODY_IMPORT
971,BUTTON,EXPANDED,False,PRIVATE_UI_INVENTORY_ROW_ACCOUNTED_NO_PUBLIC_BODY_IMPORT
972,BUTTON,EXPANDED,False,PRIVATE_UI_INVENTORY_ROW_ACCOUNTED_NO_PUBLIC_BODY_IMPORT
973,BUTTON,EXPANDED,False,PRIVATE_UI_INVENTORY_ROW_ACCOUNTED_NO_PUBLIC_BODY_IMPORT
974,BUTTON,EXPANDED,False,PRIVATE_UI_INVENTORY_ROW_ACCOUNTED_NO_PUBLIC_BODY_IMPORT
975,BUTTON,EXPANDED,False,PRIVATE_UI_INVENTORY_ROW_ACCOUNTED_NO_PUBLIC_BODY_IMPORT
976,BUTTON,EXPANDED,False,PRIVATE_UI_INVENTORY_ROW_ACCOUNTED_NO_PUBLIC_BODY_IMPORT
977,BUTTON,EXPANDED,False,PRIVATE_UI_INVENTORY_ROW_ACCOUNTED_NO_PUBLIC_BODY_IMPORT
978,BUTTON,EXPANDED,False,PRIVATE_UI_INVENTORY_ROW_ACCOUNTED_NO_PUBLIC_BODY_IMPORT
979,BUTTON,EXPANDED,False,PRIVATE_UI_INVENTORY_ROW_ACCOUNTED_NO_PUBLIC_BODY_IMPORT
980,BUTTON,EXPANDED,False,PRIVATE_UI_INVENTORY_ROW_ACCOUNTED_NO_PUBLIC_BODY_IMPORT
981,BUTTON,EXPANDED,False,PRIVATE_UI_INVENTORY_ROW_ACCOUNTED_NO_PUBLIC_BODY_IMPORT
982,BUTTON,EXPANDED,False,PRIVATE_UI_INVENTORY_ROW_ACCOUNTED_NO_PUBLIC_BODY_IMPORT
983,BUTTON,EXPANDED,False,PRIVATE_UI_INVENTORY_ROW_ACCOUNTED_NO_PUBLIC_BODY_IMPORT
984,BUTTON,EXPANDED,False,PRIVATE_UI_INVENTORY_ROW_ACCOUNTED_NO_PUBLIC_BODY_IMPORT
985,BUTTON,EXPANDED,False,PRIVATE_UI_INVENTORY_ROW_ACCOUNTED_NO_PUBLIC_BODY_IMPORT
986,BUTTON,EXPANDED,False,PRIVATE_UI_INVENTORY_ROW_ACCOUNTED_NO_PUBLIC_BODY_IMPORT
987,BUTTON,EXPANDED,False,PRIVATE_UI_INVENTORY_ROW_ACCOUNTED_NO_PUBLIC_BODY_IMPORT
988,BUTTON,EXPANDED,False,PRIVATE_UI_INVENTORY_ROW_ACCOUNTED_NO_PUBLIC_BODY_IMPORT
989,BUTTON,EXPANDED,False,PRIVATE_UI_INVENTORY_ROW_ACCOUNTED_NO_PUBLIC_BODY_IMPORT
990,BUTTON,EXPANDED,False,PRIVATE_UI_INVENTORY_ROW_ACCOUNTED_NO_PUBLIC_BODY_IMPORT
991,BUTTON,EXPANDED,False,PRIVATE_UI_INVENTORY_ROW_ACCOUNTED_NO_PUBLIC_BODY_IMPORT
992,BUTTON,EXPANDED,False,PRIVATE_UI_INVENTORY_ROW_ACCOUNTED_NO_PUBLIC_BODY_IMPORT
993,BUTTON,EXPANDED,False,PRIVATE_UI_INVENTORY_ROW_ACCOUNTED_NO_PUBLIC_BODY_IMPORT
994,BUTTON,EXPANDED,False,PRIVATE_UI_INVENTORY_ROW_ACCOUNTED_NO_PUBLIC_BODY_IMPORT
995,BUTTON,EXPANDED,False,PRIVATE_UI_INVENTORY_ROW_ACCOUNTED_NO_PUBLIC_BODY_IMPORT
996,BUTTON,EXPANDED,False,PRIVATE_UI_INVENTORY_ROW_ACCOUNTED_NO_PUBLIC_BODY_IMPORT
997,BUTTON,EXPANDED,False,PRIVATE_UI_INVENTORY_ROW_ACCOUNTED_NO_PUBLIC_BODY_IMPORT
998,BUTTON,EXPANDED,False,PRIVATE_UI_INVENTORY_ROW_ACCOUNTED_NO_PUBLIC_BODY_IMPORT
999,BUTTON,EXPANDED,False,PRIVATE_UI_INVENTORY_ROW_ACCOUNTED_NO_PUBLIC_BODY_IMPORT
1000,BUTTON,EXPANDED,False,PRIVATE_UI_INVENTORY_ROW_ACCOUNTED_NO_PUBLIC_BODY_IMPORT
1001,BUTTON,EXPANDED,False,PRIVATE_UI_INVENTORY_ROW_ACCOUNTED_NO_PUBLIC_BODY_IMPORT
1002,BUTTON,EXPANDED,False,PRIVATE_UI_INVENTORY_ROW_ACCOUNTED_NO_PUBLIC_BODY_IMPORT
1003,BUTTON,EXPANDED,False,PRIVATE_UI_INVENTORY_ROW_ACCOUNTED_NO_PUBLIC_BODY_IMPORT
1004,BUTTON,EXPANDED,False,PRIVATE_UI_INVENTORY_ROW_ACCOUNTED_NO_PUBLIC_BODY_IMPORT
1005,BUTTON,EXPANDED,False,PRIVATE_UI_INVENTORY_ROW_ACCOUNTED_NO_PUBLIC_BODY_IMPORT
1006,BUTTON,EXPANDED,False,PRIVATE_UI_INVENTORY_ROW_ACCOUNTED_NO_PUBLIC_BODY_IMPORT
1007,BUTTON,EXPANDED,False,PRIVATE_UI_INVENTORY_ROW_ACCOUNTED_NO_PUBLIC_BODY_IMPORT
